Date,Home Team,Home Score,Away Team,Away Score
2014-08-21,Miller Career Academy,34,McCluer,6
2014-08-22,Windsor (Imperial),0,Affton,43
2014-08-22,Drexel with Miami (Amoret),40,Appleton City with Montrose,20
2014-08-22,Crest Ridge,52,Archie,0
2014-08-22,Cabool,12,Ash Grove,6
2014-08-22,Cassville,36,Aurora,12
2014-08-22,Marshfield,22,Ava,58
2014-08-22,Raymore-Peculiar,31,Belton,13
2014-08-22,Lutheran South,42,Bishop DuBourg,12
2014-08-22,Moberly,3,Blair Oaks,21
2014-08-22,Staley,13,Blue Springs,39
2014-08-22,Ozark,27,Bolivar,25
2014-08-22,Orrick,8,Braymer,50
2014-08-22,Crystal City,26,Brentwood,61
2014-08-22,South Shelby,8,Brookfield,43
2014-08-22,Adrian,42,Butler,12
2014-08-22,Boonville,0,California,44
2014-08-22,Plattsburg,18,Cameron,13
2014-08-22,Trenton,28,Carrollton,30
2014-08-22,Webb City,21,Carthage,0
2014-08-22,University Academy Charter,6,Center,40
2014-08-22,Sullivan,27,Central (Park Hills),34
2014-08-22,Branson,42,Central (Springfield),24
2014-08-22,Highland,6,Centralia,42
2014-08-22,Marshall,6,Chillicothe,14
2014-08-22,Lutheran North,49,Clayton,0
2014-08-22,Warsaw,20,Clinton,14
2014-08-22,Winfield,22,Clopton with Elsberry,50
2014-08-22,Skyline,13,Cole Camp,36
2014-08-22,St. James,12,Cuba,6
2014-08-22,Pacific,28,DeSoto with Kingston,20
2014-08-22,McAuley Catholic,7,Diamond,34
2014-08-22,Carl Junction,44,East Newton,12
2014-08-22,Kelly,7,East Prairie,29
2014-08-22,Warrensburg,14,Excelsior Springs,7
2014-08-22,Buffalo,7,Fair Grove,33
2014-08-22,Ladue Horton Watkins,46,Farmington,7
2014-08-22,Harrisburg,0,Father Tolton with Calvary Lutheran,63
2014-08-22,Hallsville,54,Fayette,6
2014-08-22,Webster Groves,12,Francis Howell,58
2014-08-22,Ft. Zumwalt East,35,Francis Howell Central,7
2014-08-22,Vianney,42,Francis Howell North,13
2014-08-22,St. Charles West,17,Ft. Zumwalt North,27
2014-08-22,St. Mary's South Side,14,Gateway,13
2014-08-22,Savannah,19,Grain Valley,15
2014-08-22,Ruskin,6,Grandview,33
2014-08-22,Chaffee,6,Grandview (Hillsboro),20
2014-08-22,Benton,14,Harrisonville,20
2014-08-22,Camdenton,35,Hillcrest,14
2014-08-22,Oak Grove,45,Holden,6
2014-08-22,Ft. Zumwalt West,42,Holt,7
2014-08-22,Hollister,26,Houston,22
2014-08-22,Battle,34,Jackson,62
2014-08-22,John F. Kennedy,28,Jefferson (Festus),45
2014-08-22,McCluer North,0,Jefferson City,17
2014-08-22,Glendale,12,Joplin,42
2014-08-22,Central (St. Joseph),0,Kearney,49
2014-08-22,Fredericktown,19,Kennett,32
2014-08-22,Mid-Buchanan,12,King City with Pattonsburg,38
2014-08-22,Versailles,26,Knob Noster,0
2014-08-22,Marceline,42,Knox County,8
2014-08-22,Eureka,17,Lafayette (Wildwood),15
2014-08-22,Concordia,7,Lafayette County,49
2014-08-22,Mt. Vernon,0,Lamar,63
2014-08-22,Maryville,45,Lawson,14
2014-08-22,Park Hill South,16,Lee's Summit North,13
2014-08-22,Liberty,14,Lee's Summit West,44
2014-08-22,Tipton,0,Lexington,40
2014-08-22,Caruthersville,14,Liberty (Mountain View),52
2014-08-22,Raytown,0,Liberty North,30
2014-08-22,Kirkwood,48,Lindbergh,9
2014-08-22,Liberal with Bronaugh,6,Lockwood with Golden City,56
2014-08-22,Bowling Green,47,Louisiana,14
2014-08-22,Principia,7,Lutheran St. Charles,42
2014-08-22,Central (New Madrid County),26,Malden,54
2014-08-22,Confluence Prep Academy Charter,14,Maplewood-Richmond Hts.,26
2014-08-22,Miller,34,Marionville,30
2014-08-22,Ritenour,31,Marquette,7
2014-08-22,East Buchanan,48,Maysville,29
2014-08-22,Chaminade College Preparatory,50,Mehlville,7
2014-08-22,North Callaway,12,Mexico,35
2014-08-22,Osceola,22,Midway,28
2014-08-22,Seneca,0,Monett,55
2014-08-22,Clark County,22,Monroe City,40
2014-08-22,Hermann,61,Montgomery County,12
2014-08-22,Logan-Rogersville,0,Mountain Grove,36
2014-08-22,McDonald County,0,Neosho,50
2014-08-22,Willard,43,Nevada,26
2014-08-22,Roosevelt,35,North County,20
2014-08-22,Lafayette (St. Joseph),50,North Kansas City,20
2014-08-22,Gallatin,35,North Platte,3
2014-08-22,Winnetonka,45,Oak Park,13
2014-08-22,Fulton,14,Osage,41
2014-08-22,Macon,21,Palmyra,0
2014-08-22,Schuyler County,7,Paris,38
2014-08-22,Blue Springs South,18,Park Hill,43
2014-08-22,Kickapoo,28,Parkview,13
2014-08-22,Rockwood Summit,21,Parkway Central,9
2014-08-22,Oakville,6,Parkway South,10
2014-08-22,Union,39,Parkway West,49
2014-08-22,Seckman,0,Pattonville,28
2014-08-22,Bishop LeBlond,28,Pembroke Hill,6
2014-08-22,South Harrison,28,Penney,35
2014-08-22,Sumner,12,Perryville,13
2014-08-22,William Chrisman,0,Platte County,41
2014-08-22,Smithville,17,Pleasant Hill,0
2014-08-22,Fox,21,Poplar Bluff,35
2014-08-22,Milan,42,Princeton with Mercer,7
2014-08-22,Fort Osage,51,Raytown South,26
2014-08-22,Willow Springs,7,Reeds Spring,24
2014-08-22,Smith-Cotton,7,Republic,22
2014-08-22,Lincoln,50,Rich Hill with Hume,21
2014-08-22,O'Hara,49,Richmond,20
2014-08-22,Rockhurst,49,Rock Bridge,14
2014-08-22,Lebanon,48,Rolla,31
2014-08-22,Scotland County,0,Salisbury,47
2014-08-22,Slater,14,Santa Fe,66
2014-08-22,Jasper,44,Sarcoxie,7
2014-08-22,Herculaneum,26,Scott City,22
2014-08-22,Pleasant Hope,0,Sherwood,36
2014-08-22,Charleston,20,Sikeston,66
2014-08-22,Putnam County,6,South Callaway,55
2014-08-22,Northeast (Kansas City),28,Southeast,0
2014-08-22,St. Pius X (Festus),27,Southern Boone,26
2014-08-22,Duchesne,7,St. Charles,35
2014-08-22,Owensville,12,St. Francis Borgia,48
2014-08-22,Sacred Heart,12,St. Paul Lutheran (Concordia),27
2014-08-22,Odessa,21,St. Pius X (Kansas City),20
2014-08-22,Dexter,21,Ste. Genevieve,27
2014-08-22,El Dorado Springs,14,Stockton,28
2014-08-22,Springfield Catholic,0,Strafford,56
2014-08-22,Hayti,12,Thayer,18
2014-08-22,Parkway North,21,Timberland,33
2014-08-22,Ft. Zumwalt South,42,Troy Buchanan,27
2014-08-22,Lee's Summit,81,Truman,42
2014-08-22,St. Vincent,0,Valle Catholic,56
2014-08-22,Lathrop,3,Van Horn,9
2014-08-22,North Shelby,0,Van-Far with Community,46
2014-08-22,Central (Cape Girardeau),44,Vashon,34
2014-08-22,Orchard Farm,16,Veritas Christian Academy,7
2014-08-22,St. Dominic,23,Warrenton,26
2014-08-22,St. Clair,21,Washington,26
2014-08-22,West Plains,21,Waynesville,14
2014-08-22,Lone Jack,20,Wellington-Napoleon,52
2014-08-22,East (Kansas City),6,West Platte,42
2014-08-22,Mark Twain,26,Westran,40
2014-08-22,Sweet Springs with Malta Bend,8,Windsor,38
2014-08-22,Trinity Catholic,28,Wright City,24
2014-08-23,Portageville,42,Barat Academy,0
2014-08-23,Hogan Prep Academy Charter,37,Central (Kansas City),0
2014-08-23,De Smet Jesuit,24,Hazelwood Central,49
2014-08-23,Northwest (Cedar Hill),19,Hazelwood West,29
2014-08-23,Nixa,2,Helias Catholic,27
2014-08-23,Cardinal Ritter,0,John Burroughs,43
2014-08-23,Miller Career Academy,34,McCluer,6
2014-08-23,Cleveland NJROTC,0,McCluer South-Berkeley,40
2014-08-23,Hannibal,28,MICDS,14
2014-08-23,Lift for Life Academy Charter,8,Normandy Collaborative,21
2014-08-23,Carnahan,18,Potosi,35
2014-08-23,Soldan International Studies,24,Priory,21
2014-08-23,Jennings,45,Riverview Gardens,10
2014-08-23,Kirksville,12,Salem,34
2014-08-23,Polo,32,Summit Christian Academy,27
2014-08-23,Liberty (Wentzville),2,Transportation and Law with Beaumont,20
2014-08-23,Festus,0,Westminster Christian Academy,27
2014-08-28,East (Kansas City),0,Lincoln College Prep,47
2014-08-28,Parkway North,14,McCluer,0
2014-08-28,North Platte,14,University Academy Charter,38
2014-08-28,Lee's Summit North,14,Winnetonka,42
2014-08-29,Osceola,40,Appleton City with Montrose,8
2014-08-29,Stockton,8,Ash Grove,0
2014-08-29,North Kansas City,7,Belton,20
2014-08-29,Grain Valley,7,Benton,21
2014-08-29,Van Horn,27,Bishop LeBlond,48
2014-08-29,Liberty North,35,Blue Springs South,0
2014-08-29,Lafayette County,47,Boonville,22
2014-08-29,Palmyra,22,Bowling Green,14
2014-08-29,Bolivar,14,Branson,38
2014-08-29,Hollister,14,Cabool,31
2014-08-29,Mexico,0,California,21
2014-08-29,Excelsior Springs,28,Cameron,6
2014-08-29,Lift for Life Academy Charter,19,Cardinal Ritter,56
2014-08-29,Lafayette (St. Joseph),14,Carthage,49
2014-08-29,Malden,47,Caruthersville,0
2014-08-29,Mountain Grove,30,Cassville,19
2014-08-29,Nevada,14,Center,33
2014-08-29,St. Charles West,21,Central (Cape Girardeau),41
2014-08-29,Sikeston,35,Central (New Madrid County),6
2014-08-29,Jefferson (Festus),7,Central (Park Hills),55
2014-08-29,Portageville,35,Chaffee,0
2014-08-29,Timberland,16,Chaminade College Preparatory,6
2014-08-29,Centralia,34,Clark County,0
2014-08-29,Maplewood-Richmond Hts.,0,Clayton,28
2014-08-29,Santa Fe,13,Crest Ridge,44
2014-08-29,Bishop DuBourg,34,DeSoto with Kingston,13
2014-08-29,Poplar Bluff,30,Dexter,20
2014-08-29,Adrian,28,Drexel with Miami (Amoret),0
2014-08-29,Grandview (Hillsboro),6,East Prairie,63
2014-08-29,Ava,28,El Dorado Springs,0
2014-08-29,Hogan Prep Academy Charter,55,Eldon,33
2014-08-29,Skyline,37,Fair Grove,0
2014-08-29,Lutheran St. Charles,41,Father Tolton with Calvary Lutheran,20
2014-08-29,Harrisburg,12,Fayette,19
2014-08-29,Veritas Christian Academy,20,Festus,50
2014-08-29,Blue Springs,21,Fort Osage,35
2014-08-29,Ft. Zumwalt South,35,Francis Howell Central,14
2014-08-29,Hillsboro,36,Fredericktown,7
2014-08-29,Francis Howell North,28,Ft. Zumwalt East,34
2014-08-29,Ft. Zumwalt North,31,Ft. Zumwalt West,19
2014-08-29,Versailles,6,Fulton,43
2014-08-29,Penney,34,Gallatin,23
2014-08-29,Soldan International Studies,40,Gateway,20
2014-08-29,Oak Park,41,Grandview,34
2014-08-29,Salisbury,34,Hallsville,37
2014-08-29,Charleston,6,Hayti,62
2014-08-29,Cuba,12,Hermann,54
2014-08-29,Lee's Summit,41,Hickman,17
2014-08-29,Brookfield,48,Highland,0
2014-08-29,Glendale,12,Hillcrest,40
2014-08-29,Battle,56,Holt,49
2014-08-29,Diamond,19,Jasper,47
2014-08-29,Christian Brothers College,47,Jefferson City,0
2014-08-29,Brentwood,44,John F. Kennedy,14
2014-08-29,Crystal City,20,Kelly,18
2014-08-29,Rolla,35,Kickapoo,57
2014-08-29,Chillicothe,21,Kirksville,15
2014-08-29,Polo,30,Lathrop,7
2014-08-29,Waynesville,14,Lebanon,15
2014-08-29,Pierce City,56,Liberal with Bronaugh,30
2014-08-29,Kearney,42,Liberty,7
2014-08-29,Sacred Heart,12,Lincoln,58
2014-08-29,Rich Hill with Hume,14,Lockwood with Golden City,27
2014-08-29,Neosho,38,Logan-Rogersville,10
2014-08-29,Summit Christian Academy,13,Lone Jack,14
2014-08-29,South Shelby,50,Louisiana,27
2014-08-29,Herculaneum,7,Lutheran South,35
2014-08-29,Monroe City,20,Macon,23
2014-08-29,Schuyler County,0,Marceline,56
2014-08-29,Paris,19,Mark Twain,32
2014-08-29,Republic,40,Marshfield,20
2014-08-29,St. Pius X (Kansas City),0,Maryville,56
2014-08-29,Sarcoxie,21,McAuley Catholic,43
2014-08-29,Aurora,27,McDonald County,6
2014-08-29,Ritenour,32,Mehlville,14
2014-08-29,Maysville,60,Mid-Buchanan,22
2014-08-29,Archie,0,Midway,52
2014-08-29,King City with Pattonsburg,0,Milan,48
2014-08-29,Osage,35,Moberly,34
2014-08-29,East Newton,0,Monett,51
2014-08-29,Carl Junction,62,Mt. Vernon,0
2014-08-29,Francis Howell,42,Nixa,10
2014-08-29,Farmington,20,North County,13
2014-08-29,Clopton with Elsberry,58,North Shelby,0
2014-08-29,Plattsburg,27,Northeast (Kansas City),6
2014-08-29,Marquette,50,Northwest (Cedar Hill),14
2014-08-29,O'Hara,31,Oak Grove,24
2014-08-29,Eureka,46,Oakville,6
2014-08-29,Clinton,9,Odessa,49
2014-08-29,Wright City,18,Orchard Farm,36
2014-08-29,Concordia,48,Orrick,12
2014-08-29,Blair Oaks,42,Owensville,0
2014-08-29,St. Clair,0,Ozark,41
2014-08-29,Potosi,34,Pacific,13
2014-08-29,Lee's Summit West,38,Park Hill South,7
2014-08-29,Joplin,35,Parkview,21
2014-08-29,Normandy Collaborative,0,Parkway Central,55
2014-08-29,McCluer,0,Parkway North,14
2014-08-29,Affton,41,Parkway West,15
2014-08-29,Lindbergh,14,Pattonville,37
2014-08-29,Central (St. Joseph),22,Platte County,29
2014-08-29,Buffalo,7,Pleasant Hope,28
2014-08-29,Princeton with Mercer,6,Putnam County,30
2014-08-29,William Chrisman,6,Raytown,47
2014-08-29,Lawson,27,Richmond,13
2014-08-29,De Smet Jesuit,0,Rock Bridge,44
2014-08-29,Webb City,40,Rockhurst,14
2014-08-29,Seckman,0,Rockwood Summit,51
2014-08-29,Pembroke Hill,0,Ruskin,14
2014-08-29,Reeds Spring,21,Salem,20
2014-08-29,Harrisonville,12,Savannah,14
2014-08-29,Knox County,22,Scotland County,0
2014-08-29,Lamar,59,Seneca,0
2014-08-29,Butler,12,Sherwood,21
2014-08-29,Braymer,47,Slater,14
2014-08-29,Marshall,14,Smith-Cotton,28
2014-08-29,Southern Boone,10,South Callaway,52
2014-08-29,East Buchanan,46,South Harrison,6
2014-08-29,Liberty (Mountain View),70,Springfield Catholic,7
2014-08-29,Westminster Christian Academy,33,St. Dominic,6
2014-08-29,Union,13,St. Francis Borgia,56
2014-08-29,Houston,18,St. James,36
2014-08-29,Priory,21,St. Mary's South Side,14
2014-08-29,Perryville,23,St. Pius X (Festus),17
2014-08-29,Scott City,26,St. Vincent,7
2014-08-29,Raymore-Peculiar,17,Staley,18
2014-08-29,Thayer,6,Strafford,52
2014-08-29,Washington,8,Sullivan,30
2014-08-29,St. Paul Lutheran (Concordia),28,Sweet Springs with Malta Bend,0
2014-08-29,North Callaway,27,Tipton,6
2014-08-29,Lexington,34,Trenton,6
2014-08-29,Duchesne,18,Trinity Catholic,14
2014-08-29,Raytown South,32,Truman,7
2014-08-29,Ste. Genevieve,7,Valle Catholic,34
2014-08-29,Missouri Military Academy,6,Van-Far with Community,22
2014-08-29,Jackson,30,Vianney,23
2014-08-29,Pleasant Hill,17,Warrensburg,8
2014-08-29,Troy Buchanan,0,Warrenton,28
2014-08-29,Cole Camp,20,Warsaw,7
2014-08-29,Hazelwood East,6,Webster Groves,32
2014-08-29,Camdenton,13,West Plains,19
2014-08-29,Wellington-Napoleon,7,West Platte,44
2014-08-29,Carrollton,6,Westran,52
2014-08-29,Central (Springfield),8,Willard,73
2014-08-29,Marionville,14,Willow Springs,8
2014-08-29,St. Charles,30,Windsor (Imperial),12
2014-08-29,Montgomery County,55,Winfield,38
2014-08-30,Southeast,8,Central (Kansas City),28
2014-08-30,Carnahan,6,Cleveland NJROTC,28
2014-08-30,Lafayette (Wildwood),21,Hazelwood Central,35
2014-08-30,Parkway South,46,Hazelwood West,24
2014-08-30,Hannibal,14,Helias Catholic,52
2014-08-30,Confluence Prep Academy Charter,6,Kennett,47
2014-08-30,Jennings,20,Ladue Horton Watkins,22
2014-08-30,Kirkwood,18,McCluer North,14
2014-08-30,Transportation and Law with Beaumont,0,MICDS,21
2014-08-30,Lutheran North,72,Principia,7
2014-08-30,Fox,42,Riverview Gardens,0
2014-08-30,John Burroughs,43,Roosevelt,29
2014-08-30,Park Hill,35,Smithville,3
2014-08-30,McCluer South-Berkeley,6,University City,43
2014-08-30,Miller Career Academy,42,Vashon,6
2014-09-04,Normandy Collaborative,6,McCluer,40
2014-09-05,Midway,21,Adrian,0
2014-09-05,Drexel with Miami (Amoret),56,Archie,0
2014-09-05,El Dorado Springs,24,Ash Grove,14
2014-09-05,Mountain Grove,20,Ava,14
2014-09-05,Rock Bridge,25,Battle,11
2014-09-05,Blue Springs,31,Blue Springs South,21
2014-09-05,Harrisonville,35,Bolivar,12
2014-09-05,Maysville,58,Braymer,14
2014-09-05,Sumner,20,Brentwood,67
2014-09-05,Willow Springs,29,Cabool,21
2014-09-05,Lebanon,10,Camdenton,31
2014-09-05,Bishop LeBlond,35,Cameron,21
2014-09-05,Aurora,14,Carl Junction,27
2014-09-05,Northwest (Cedar Hill),48,Carnahan,20
2014-09-05,Odessa,42,Carrollton,0
2014-09-05,McDonald County,0,Cassville,35
2014-09-05,Pembroke Hill,14,Center,35
2014-09-05,Sikeston,7,Central (Cape Girardeau),47
2014-09-05,Ste. Genevieve,35,Central (New Madrid County),16
2014-09-05,Carthage,50,Central (Springfield),8
2014-09-05,Truman,54,Central (St. Joseph),35
2014-09-05,Louisiana,0,Centralia,49
2014-09-05,Hayti,46,Chaffee,8
2014-09-05,De Smet Jesuit,0,Chaminade College Preparatory,35
2014-09-05,South Callaway,53,Clopton with Elsberry,14
2014-09-05,Sweet Springs with Malta Bend,0,Concordia,45
2014-09-05,Lone Jack,8,Crest Ridge,57
2014-09-05,Principia,13,Crystal City,33
2014-09-05,Owensville,35,Cuba,8
2014-09-05,Charleston,14,Dexter,67
2014-09-05,St. Dominic,22,Duchesne,2
2014-09-05,West Platte,36,East Buchanan,50
2014-09-05,Diamond,26,East Newton,34
2014-09-05,Scott City,46,East Prairie,45
2014-09-05,Richmond,40,Excelsior Springs,13
2014-09-05,Pleasant Hope,14,Fair Grove,26
2014-09-05,John F. Kennedy,8,Father Tolton with Calvary Lutheran,40
2014-09-05,Francis Howell Central,14,Fox,13
2014-09-05,Ft. Zumwalt East,13,Francis Howell,52
2014-09-05,Troy Buchanan,0,Ft. Zumwalt North,56
2014-09-05,Francis Howell North,21,Ft. Zumwalt South,28
2014-09-05,Confluence Prep Academy Charter,12,Gateway,14
2014-09-05,West Plains,53,Glendale,48
2014-09-05,Grandview,23,Grain Valley,28
2014-09-05,Southern Boone,14,Hallsville,34
2014-09-05,Boonville,0,Hannibal,49
2014-09-05,Buffalo,27,Hollister,20
2014-09-05,Hickman,7,Jefferson City,25
2014-09-05,Kickapoo,48,Joplin,42
2014-09-05,St. Vincent,14,Kelly,20
2014-09-05,Caruthersville,22,Kennett,21
2014-09-05,Lafayette (Wildwood),21,Kirkwood,48
2014-09-05,Fayette,7,Knox County,36
2014-09-05,Benton,27,Lafayette (St. Joseph),29
2014-09-05,Plattsburg,18,Lawson,27
2014-09-05,Fort Osage,31,Lee's Summit,28
2014-09-05,North Kansas City,25,Lee's Summit North,40
2014-09-05,Northeast (Kansas City),6,Lexington,48
2014-09-05,McAuley Catholic,20,Liberal with Bronaugh,6
2014-09-05,Thayer,14,Liberty (Mountain View),21
2014-09-05,Kearney,9,Liberty North,3
2014-09-05,Oak Grove,44,Lincoln College Prep,18
2014-09-05,Springfield Catholic,20,Logan-Rogersville,27
2014-09-05,Bishop DuBourg,41,Lutheran St. Charles,24
2014-09-05,Clark County,18,Macon,15
2014-09-05,Brookfield,47,Marceline,20
2014-09-05,Strafford,47,Marionville,0
2014-09-05,Jackson,22,Marquette,14
2014-09-05,Mexico,27,Marshall,14
2014-09-05,Chillicothe,3,Maryville,64
2014-09-05,Slater,6,Milan,73
2014-09-05,Sarcoxie,8,Miller,55
2014-09-05,Fulton,28,Missouri Military Academy,0
2014-09-05,Kirksville,6,Moberly,16
2014-09-05,St. Pius X (Kansas City),48,Nevada,13
2014-09-05,Branson,2,Nixa,37
2014-09-05,Bowling Green,31,North Callaway,0
2014-09-05,DeSoto with Kingston,7,North County,42
2014-09-05,Mid-Buchanan,30,North Platte,46
2014-09-05,Paris,55,North Shelby,6
2014-09-05,Raytown,56,Oak Park,26
2014-09-05,Clinton,6,O'Hara,44
2014-09-05,Liberty (Wentzville),6,Orchard Farm,49
2014-09-05,St. Paul Lutheran (Concordia),52,Orrick,0
2014-09-05,Warsaw,0,Osage,41
2014-09-05,Lincoln,28,Osceola,31
2014-09-05,Highland,0,Palmyra,50
2014-09-05,Belton,13,Park Hill,49
2014-09-05,Parkway Central,17,Parkway North,14
2014-09-05,Lathrop,20,Penney,47
2014-09-05,Central (Park Hills),42,Perryville,12
2014-09-05,Jasper,21,Pierce City,14
2014-09-05,Gallatin,22,Polo,52
2014-09-05,Farmington,13,Poplar Bluff,0
2014-09-05,Malden,54,Portageville,7
2014-09-05,Fredericktown,0,Potosi,19
2014-09-05,South Harrison,38,Princeton with Mercer,0
2014-09-05,Harrisburg,14,Putnam County,47
2014-09-05,Liberty,14,Raymore-Peculiar,28
2014-09-05,Park Hill South,43,Raytown South,44
2014-09-05,Marshfield,12,Reeds Spring,47
2014-09-05,Ozark,22,Republic,64
2014-09-05,Appleton City with Montrose,14,Rich Hill with Hume,17
2014-09-05,Parkview,64,Rolla,43
2014-09-05,Platte County,40,Ruskin,0
2014-09-05,Houston,19,Salem,52
2014-09-05,Wellington-Napoleon,28,Santa Fe,21
2014-09-05,Salisbury,42,Schuyler County,7
2014-09-05,Mt. Vernon,22,Seneca,24
2014-09-05,Stockton,35,Skyline,49
2014-09-05,Warrensburg,18,Smith-Cotton,19
2014-09-05,Savannah,27,Smithville,37
2014-09-05,Monroe City,20,South Shelby,34
2014-09-05,St. Charles,3,St. Charles West,33
2014-09-05,Pacific,20,St. Clair,18
2014-09-05,Hermann,52,St. James,20
2014-09-05,Holden,14,Trenton,0
2014-09-05,Sullivan,19,Union,32
2014-09-05,Sherwood,0,Van Horn,40
2014-09-05,Mark Twain,50,Van-Far with Community,0
2014-09-05,Trinity Catholic,26,Veritas Christian Academy,27
2014-09-05,California,51,Versailles,14
2014-09-05,Warrenton,14,Washington,6
2014-09-05,Hillcrest,26,Waynesville,37
2014-09-05,Neosho,8,Willard,35
2014-09-05,Staley,37,William Chrisman,8
2014-09-05,Lee's Summit West,47,Winnetonka,38
2014-09-05,Montgomery County,0,Wright City,36
2014-09-06,Lift for Life Academy Charter,0,Affton,62
2014-09-06,Lafayette County,47,Central (Kansas City),0
2014-09-06,Ft. Zumwalt West,21,Christian Brothers College,52
2014-09-06,Vashon,34,Cleveland NJROTC,28
2014-09-06,Sacred Heart,20,Cole Camp,33
2014-09-06,Blair Oaks,28,Eldon,6
2014-09-06,Hazelwood Central,23,Eureka,21
2014-09-06,Oakville,7,Hazelwood East,34
2014-09-06,Pattonville,50,Hazelwood West,0
2014-09-06,Jefferson (Festus),21,Herculaneum,35
2014-09-06,East (Kansas City),12,Hogan Prep Academy Charter,48
2014-09-06,Clayton,21,Jennings,34
2014-09-06,Monett,6,Lamar,24
2014-09-06,Westminster Christian Academy,27,Lutheran North,20
2014-09-06,MICDS,20,Lutheran South,14
2014-09-06,University City,20,McCluer North,22
2014-09-06,Ladue Horton Watkins,40,McCluer South-Berkeley,0
2014-09-06,McCluer,40,Normandy Collaborative,6
2014-09-06,Rockwood Summit,28,Parkway West,0
2014-09-06,John Burroughs,38,Priory,27
2014-09-06,Miller Career Academy,36,Ritenour,12
2014-09-06,Transportation and Law with Beaumont,8,Roosevelt,51
2014-09-06,Hillsboro,61,Seckman,27
2014-09-06,Cardinal Ritter,24,St. Mary's South Side,23
2014-09-06,Knob Noster,0,Summit Christian Academy,44
2014-09-06,Holt,21,Timberland,34
2014-09-06,Southeast,0,University Academy Charter,8
2014-09-06,Parkway South,33,Webster Groves,49
2014-09-06,Valle Catholic,72,Westran,28
2014-09-08,Mehlville,7,Lindbergh,30
2014-09-08,Grandview (Hillsboro),12,St. Pius X (Festus),41
2014-09-08,Windsor,8,Tipton,20
2014-09-08,Festus,47,Windsor (Imperial),6
2014-09-12,Rich Hill with Hume,22,Adrian,20
2014-09-12,Marionville,12,Ash Grove,43
2014-09-12,Seneca,2,Aurora,6
2014-09-12,Liberty (Mountain View),27,Ava,34
2014-09-12,Excelsior Springs,0,Battle,36
2014-09-12,Smithville,34,Benton,13
2014-09-12,Maryville,58,Bishop LeBlond,19
2014-09-12,Hallsville,42,Blair Oaks,28
2014-09-12,Central (St. Joseph),7,Blue Springs,49
2014-09-12,Grain Valley,35,Boonville,7
2014-09-12,Wright City,0,Bowling Green,55
2014-09-12,Centralia,7,Brookfield,40
2014-09-12,Reeds Spring,45,Buffalo,0
2014-09-12,Eldon,0,California,55
2014-09-12,Central (Springfield),16,Carl Junction,57
2014-09-12,Lift for Life Academy Charter,23,Carnahan,26
2014-09-12,Lamar,49,Cassville,0
2014-09-12,Kennett,20,Central (New Madrid County),25
2014-09-12,Caruthersville,44,Charleston,0
2014-09-12,Cameron,7,Chillicothe,45
2014-09-12,St. Pius X (Kansas City),35,Clinton,0
2014-09-12,Orrick,8,Crest Ridge,60
2014-09-12,Valle Catholic,54,Crystal City,0
2014-09-12,Windsor (Imperial),6,Cuba,22
2014-09-12,Jefferson City,34,De Smet Jesuit,0
2014-09-12,Pierce City,18,Diamond,14
2014-09-12,McDonald County,21,East Newton,6
2014-09-12,Knob Noster,20,El Dorado Springs,56
2014-09-12,Cole Camp,52,Fayette,7
2014-09-12,DeSoto with Kingston,13,Festus,46
2014-09-12,Francis Howell,40,Francis Howell North,0
2014-09-12,Perryville,6,Fredericktown,33
2014-09-12,Eureka,38,Ft. Zumwalt East,0
2014-09-12,Washington,0,Ft. Zumwalt North,49
2014-09-12,Holt,41,Ft. Zumwalt South,61
2014-09-12,Timberland,7,Ft. Zumwalt West,40
2014-09-12,Moberly,13,Fulton,23
2014-09-12,Princeton with Mercer,0,Gallatin,44
2014-09-12,Roosevelt,20,Gateway,21
2014-09-12,Belton,31,Grandview,28
2014-09-12,Missouri Military Academy,6,Grandview (Hillsboro),27
2014-09-12,Tipton,46,Harrisburg,6
2014-09-12,Richmond,6,Harrisonville,34
2014-09-12,East Prairie,32,Hayti,28
2014-09-12,McCluer,12,Hazelwood Central,34
2014-09-12,Liberty (Wentzville),7,Hermann,65
2014-09-12,Helias Catholic,48,Hickman,7
2014-09-12,Macon,26,Highland,6
2014-09-12,North County,14,Hillsboro,45
2014-09-12,Bolivar,54,Hollister,0
2014-09-12,Cabool,20,Houston,7
2014-09-12,Farmington,7,Jackson,55
2014-09-12,Miller,28,Jasper,14
2014-09-12,St. Pius X (Festus),63,Jefferson (Festus),13
2014-09-12,Bishop DuBourg,34,John F. Kennedy,30
2014-09-12,Raytown South,28,Kearney,49
2014-09-12,Camdenton,28,Kickapoo,49
2014-09-12,Braymer,6,King City with Pattonsburg,50
2014-09-12,Marshall,29,Kirksville,6
2014-09-12,Marquette,21,Lafayette (Wildwood),31
2014-09-12,Trenton,0,Lafayette County,42
2014-09-12,West Platte,27,Lathrop,21
2014-09-12,North Platte,20,Lawson,53
2014-09-12,Glendale,26,Lebanon,39
2014-09-12,Lee's Summit North,28,Lee's Summit,31
2014-09-12,Rock Bridge,34,Lee's Summit West,48
2014-09-12,Park Hill,38,Liberty,14
2014-09-12,Windsor,28,Lincoln,44
2014-09-12,Center,35,Lincoln College Prep,6
2014-09-12,Santa Fe,42,Lone Jack,54
2014-09-12,Scott City,8,Malden,71
2014-09-12,Putnam County,20,Marceline,46
2014-09-12,Clopton with Elsberry,18,Mark Twain,12
2014-09-12,Logan-Rogersville,22,Marshfield,36
2014-09-12,Lockwood with Golden City,35,McAuley Catholic,0
2014-09-12,Hannibal,27,Mexico,26
2014-09-12,Penney,69,Mid-Buchanan,30
2014-09-12,Appleton City with Montrose,6,Midway,49
2014-09-12,Louisiana,22,Monroe City,52
2014-09-12,North Callaway,27,Montgomery County,23
2014-09-12,Willow Springs,0,Mountain Grove,47
2014-09-12,Monett,40,Mt. Vernon,0
2014-09-12,Branson,16,Neosho,38
2014-09-12,O'Hara,42,Nevada,7
2014-09-12,Willard,21,Nixa,0
2014-09-12,Fort Osage,47,North Kansas City,12
2014-09-12,Milan,55,North Shelby,8
2014-09-12,Central (Park Hills),40,Northwest (Cedar Hill),0
2014-09-12,Warrensburg,6,Oak Grove,54
2014-09-12,Fox,14,Oakville,21
2014-09-12,Holden,6,Odessa,36
2014-09-12,Brentwood,14,Orchard Farm,7
2014-09-12,Southern Boone,23,Osage,28
2014-09-12,Drexel with Miami (Amoret),8,Osceola,23
2014-09-12,St. James,28,Owensville,29
2014-09-12,Carthage,49,Ozark,7
2014-09-12,Union,27,Pacific,19
2014-09-12,Knox County,18,Paris,60
2014-09-12,Platte County,14,Park Hill South,12
2014-09-12,Waynesville,43,Parkview,23
2014-09-12,Ladue Horton Watkins,17,Parkway Central,7
2014-09-12,Lindbergh,19,Parkway South,40
2014-09-12,Northeast (Kansas City),24,Pembroke Hill,39
2014-09-12,East Buchanan,44,Plattsburg,6
2014-09-12,Smith-Cotton,28,Pleasant Hill,10
2014-09-12,South Harrison,14,Polo,24
2014-09-12,Central (Cape Girardeau),26,Poplar Bluff,6
2014-09-12,Blue Springs South,25,Raymore-Peculiar,17
2014-09-12,Winnetonka,21,Raytown,7
2014-09-12,Webb City,49,Republic,14
2014-09-12,Pattonville,20,Ritenour,0
2014-09-12,Parkway North,12,Rockwood Summit,9
2014-09-12,Joplin,22,Rolla,58
2014-09-12,Truman,49,Ruskin,0
2014-09-12,Carrollton,52,Salisbury,57
2014-09-12,Liberal with Bronaugh,12,Sarcoxie,49
2014-09-12,Lafayette (St. Joseph),48,Savannah,35
2014-09-12,Westran,55,Schuyler County,7
2014-09-12,Clark County,55,Scotland County,20
2014-09-12,Mehlville,33,Seckman,9
2014-09-12,Summit Christian Academy,36,Sherwood,12
2014-09-12,Dexter,20,Sikeston,15
2014-09-12,Pleasant Hope,19,Skyline,53
2014-09-12,Sacred Heart,54,Slater,12
2014-09-12,Van-Far with Community,14,South Callaway,82
2014-09-12,Palmyra,0,South Shelby,32
2014-09-12,Fair Grove,33,Springfield Catholic,11
2014-09-12,Warrenton,14,St. Charles,6
2014-09-12,Winfield,36,St. Charles West,67
2014-09-12,St. Francis Borgia,35,St. Dominic,0
2014-09-12,Duchesne,7,St. Mary's South Side,63
2014-09-12,Concordia,14,St. Paul Lutheran (Concordia),28
2014-09-12,Herculaneum,28,St. Vincent,14
2014-09-12,Liberty North,17,Staley,28
2014-09-12,Potosi,20,Ste. Genevieve,7
2014-09-12,Stockton,13,Strafford,56
2014-09-12,St. Clair,21,Sullivan,47
2014-09-12,Salem,12,Thayer,14
2014-09-12,Lutheran St. Charles,18,Trinity Catholic,19
2014-09-12,Parkway West,6,University City,25
2014-09-12,Butler,0,Van Horn,40
2014-09-12,Cardinal Ritter,20,Veritas Christian Academy,38
2014-09-12,Warsaw,13,Versailles,6
2014-09-12,Christian Brothers College,56,Vianney,0
2014-09-12,Lexington,56,Wellington-Napoleon,34
2014-09-12,Hillcrest,7,West Plains,27
2014-09-12,Oak Park,47,William Chrisman,32
2014-09-13,Kelly,6,Confluence Prep Academy Charter,37
2014-09-13,Affton,36,Jennings,22
2014-09-13,Lutheran South,16,John Burroughs,52
2014-09-13,Priory,27,Lutheran North,61
2014-09-13,Normandy Collaborative,6,Maplewood-Richmond Hts.,12
2014-09-13,Hazelwood East,6,McCluer North,10
2014-09-13,Clayton,44,McCluer South-Berkeley,6
2014-09-13,Barat Academy,30,Principia,14
2014-09-13,Hazelwood West,39,Riverview Gardens,0
2014-09-13,Soldan International Studies,47,Sumner,12
2014-09-13,Francis Howell Central,36,Troy Buchanan,14
2014-09-13,Central (Kansas City),0,University Academy Charter,35
2014-09-13,MICDS,7,Westminster Christian Academy,21
2014-09-15,University City,9,Hazelwood East,12
2014-09-18,Kickapoo,47,Glendale,48
2014-09-18,Grandview,0,Liberty North,41
2014-09-19,Perryville,16,Affton,49
2014-09-19,Lincoln,36,Appleton City with Montrose,12
2014-09-19,Adrian,48,Archie,12
2014-09-19,Mt. Vernon,21,Aurora,34
2014-09-19,Savannah,47,Benton,31
2014-09-19,Veritas Christian Academy,66,Bishop DuBourg,35
2014-09-19,Chillicothe,23,Bishop LeBlond,25
2014-09-19,Lee's Summit,28,Blue Springs,47
2014-09-19,Rockhurst,42,Blue Springs South,0
2014-09-19,Marshfield,8,Bolivar,53
2014-09-19,Mexico,35,Boonville,12
2014-09-19,Republic,37,Branson,6
2014-09-19,Cuba,24,Brentwood,41
2014-09-19,Central (Springfield),60,Buffalo,20
2014-09-19,Mountain Grove,49,Cabool,14
2014-09-19,Parkview,14,Camdenton,26
2014-09-19,Maryville,56,Cameron,14
2014-09-19,Knob Noster,14,Carrollton,15
2014-09-19,Dexter,20,Caruthersville,40
2014-09-19,Potosi,3,Central (Park Hills),36
2014-09-19,Raymore-Peculiar,42,Central (St. Joseph),21
2014-09-19,South Shelby,35,Centralia,34
2014-09-19,Central (New Madrid County),72,Charleston,30
2014-09-19,Chaminade College Preparatory,0,Christian Brothers College,51
2014-09-19,Bowling Green,57,Clopton with Elsberry,6
2014-09-19,Sherwood,0,Cole Camp,34
2014-09-19,Santa Fe,50,Concordia,34
2014-09-19,Jefferson (Festus),21,Crystal City,14
2014-09-19,Windsor (Imperial),42,DeSoto with Kingston,40
2014-09-19,Midway,41,Drexel with Miami (Amoret),6
2014-09-19,North County,14,Duchesne,38
2014-09-19,Van Horn,42,East (Kansas City),0
2014-09-19,Mid-Buchanan,6,East Buchanan,62
2014-09-19,Seneca,38,East Newton,6
2014-09-19,Parkway South,0,Eureka,45
2014-09-19,Harrisonville,39,Excelsior Springs,6
2014-09-19,Sikeston,14,Farmington,13
2014-09-19,Slater,12,Fayette,55
2014-09-19,Staley,20,Fort Osage,24
2014-09-19,Seckman,12,Fox,21
2014-09-19,Ft. Zumwalt West,13,Francis Howell,21
2014-09-19,Francis Howell North,51,Francis Howell Central,34
2014-09-19,Ft. Zumwalt North,28,Ft. Zumwalt East,27
2014-09-19,Pleasant Hill,0,Grain Valley,34
2014-09-19,California,68,Hallsville,14
2014-09-19,Kirksville,9,Hannibal,48
2014-09-19,Barat Academy,14,Harrisburg,26
2014-09-19,Portageville,34,Hayti,18
2014-09-19,St. Pius X (Festus),28,Herculaneum,20
2014-09-19,Lebanon,28,Hillcrest,34
2014-09-19,Festus,31,Hillsboro,20
2014-09-19,Vianney,35,Holt,21
2014-09-19,Thayer,41,Houston,20
2014-09-19,Poplar Bluff,0,Jackson,42
2014-09-19,Lutheran St. Charles,26,John F. Kennedy,38
2014-09-19,West Plains,28,Joplin,35
2014-09-19,Ruskin,14,Kearney,56
2014-09-19,Maysville,42,King City with Pattonsburg,32
2014-09-19,Smithville,32,Lafayette (St. Joseph),28
2014-09-19,Richmond,12,Lafayette County,24
2014-09-19,Butler,0,Lamar,74
2014-09-19,Lawson,7,Lathrop,0
2014-09-19,Lee's Summit West,56,Lee's Summit North,21
2014-09-19,Holden,41,Lexington,3
2014-09-19,Jasper,56,Liberal with Bronaugh,22
2014-09-19,Confluence Prep Academy Charter,55,Liberty (Wentzville),14
2014-09-19,University Academy Charter,7,Lincoln College Prep,17
2014-09-19,Lafayette (Wildwood),21,Lindbergh,17
2014-09-19,Diamond,0,Lockwood with Golden City,56
2014-09-19,Reeds Spring,34,Logan-Rogersville,0
2014-09-19,Brookfield,62,Louisiana,14
2014-09-19,Westminster Christian Academy,28,Lutheran South,21
2014-09-19,Moberly,28,Macon,0
2014-09-19,East Prairie,6,Malden,55
2014-09-19,McCluer South-Berkeley,46,Maplewood-Richmond Hts.,0
2014-09-19,Fulton,42,Marshall,52
2014-09-19,Hazelwood East,43,McCluer,0
2014-09-19,Carl Junction,45,McDonald County,0
2014-09-19,Marquette,31,Mehlville,14
2014-09-19,Knox County,6,Milan,47
2014-09-19,Principia,7,Missouri Military Academy,0
2014-09-19,Cassville,0,Monett,38
2014-09-19,Highland,18,Monroe City,52
2014-09-19,Carthage,42,Neosho,14
2014-09-19,Mark Twain,18,North Callaway,41
2014-09-19,William Chrisman,20,North Kansas City,9
2014-09-19,Scotland County,55,North Shelby,22
2014-09-19,Oakville,48,Northwest (Cedar Hill),6
2014-09-19,Oak Grove,34,Odessa,21
2014-09-19,Central (Kansas City),6,O'Hara,48
2014-09-19,Versailles,6,Osage,64
2014-09-19,Hermann,16,Owensville,19
2014-09-19,Clark County,15,Palmyra,22
2014-09-19,Park Hill South,7,Park Hill,37
2014-09-19,Parkway West,6,Parkway Central,22
2014-09-19,Webster Groves,34,Pattonville,13
2014-09-19,Miller,53,Pierce City,6
2014-09-19,Winnetonka,19,Platte County,35
2014-09-19,Penney,47,Plattsburg,8
2014-09-19,Strafford,67,Pleasant Hope,7
2014-09-19,Polo,49,Princeton with Mercer,12
2014-09-19,Schuyler County,7,Putnam County,26
2014-09-19,Raytown South,36,Raytown,34
2014-09-19,Osceola,21,Rich Hill with Hume,13
2014-09-19,Hickman,23,Rock Bridge,42
2014-09-19,Ritenour,26,Rockwood Summit,23
2014-09-19,Ava,23,Salem,21
2014-09-19,Marceline,33,Salisbury,7
2014-09-19,Chaffee,6,Scott City,28
2014-09-19,Nevada,35,Smith-Cotton,28
2014-09-19,Gallatin,17,South Harrison,14
2014-09-19,Hollister,14,Springfield Catholic,35
2014-09-19,Trinity Catholic,7,St. Charles,15
2014-09-19,St. Mary's South Side,39,St. Dominic,27
2014-09-19,Cardinal Ritter,6,St. Francis Borgia,42
2014-09-19,Ash Grove,7,St. James,28
2014-09-19,Lone Jack,18,St. Paul Lutheran (Concordia),35
2014-09-19,Center,13,St. Pius X (Kansas City),23
2014-09-19,Lift for Life Academy Charter,6,St. Vincent,0
2014-09-19,Fredericktown,8,Ste. Genevieve,35
2014-09-19,Fair Grove,16,Stockton,37
2014-09-19,Pacific,10,Sullivan,27
2014-09-19,Cleveland NJROTC,22,Sumner,28
2014-09-19,Orrick,0,Sweet Springs with Malta Bend,40
2014-09-19,Troy Buchanan,7,Timberland,56
2014-09-19,Father Tolton with Calvary Lutheran,17,Tipton,0
2014-09-19,Pembroke Hill,26,Trenton,15
2014-09-19,Liberty,28,Truman,31
2014-09-19,St. Clair,35,Union,55
2014-09-19,Grandview (Hillsboro),6,Valle Catholic,62
2014-09-19,Montgomery County,35,Van-Far with Community,46
2014-09-19,Clinton,6,Warrensburg,44
2014-09-19,St. Charles West,49,Warrenton,7
2014-09-19,Eldon,36,Warsaw,15
2014-09-19,Ft. Zumwalt South,56,Washington,7
2014-09-19,Rolla,15,Waynesville,23
2014-09-19,Nixa,7,Webb City,47
2014-09-19,Crest Ridge,12,Wellington-Napoleon,28
2014-09-19,North Platte,0,West Platte,45
2014-09-19,Paris,7,Westran,47
2014-09-19,Ozark,14,Willard,40
2014-09-19,Liberty (Mountain View),38,Willow Springs,0
2014-09-19,Orchard Farm,61,Winfield,28
2014-09-19,South Callaway,55,Wright City,6
2014-09-20,Riverview Gardens,0,Hazelwood Central,60
2014-09-20,McCluer,0,Hazelwood East,43
2014-09-20,Battle,14,Helias Catholic,29
2014-09-20,Northeast (Kansas City),0,Hogan Prep Academy Charter,53
2014-09-20,Central (Cape Girardeau),22,Ladue Horton Watkins,32
2014-09-20,John Burroughs,30,Lutheran North,53
2014-09-20,Hazelwood West,7,McCluer North,65
2014-09-20,Soldan International Studies,12,Miller Career Academy,54
2014-09-20,Jennings,70,Normandy Collaborative,6
2014-09-20,Belton,47,Oak Park,7
2014-09-20,Kirkwood,49,Parkway North,24
2014-09-20,MICDS,20,Priory,42
2014-09-20,Vashon,12,Roosevelt,35
2014-09-20,Windsor,18,Sacred Heart,0
2014-09-20,Skyline,33,Summit Christian Academy,20
2014-09-20,Gateway,46,Transportation and Law with Beaumont,6
2014-09-20,Clayton,55,University City,20
2014-09-25,Principia,3,Brentwood,51
2014-09-25,East (Kansas City),24,Central (Kansas City),36
2014-09-25,Glendale,30,Parkview,52
2014-09-26,Appleton City with Montrose,0,Adrian,46
2014-09-26,Osceola,59,Archie,14
2014-09-26,Houston,6,Ava,40
2014-09-26,Platte County,40,Belton,8
2014-09-26,Osage,6,Blair Oaks,55
2014-09-26,Buffalo,0,Bolivar,56
2014-09-26,Van-Far with Community,0,Bowling Green,56
2014-09-26,South Harrison,52,Braymer,8
2014-09-26,Monroe City,0,Brookfield,28
2014-09-26,Midway,48,Butler,0
2014-09-26,St. Dominic,21,Cardinal Ritter,20
2014-09-26,Cassville,7,Carl Junction,49
2014-09-26,Republic,35,Carthage,40
2014-09-26,Central (New Madrid County),27,Caruthersville,20
2014-09-26,Clinton,6,Center,27
2014-09-26,Jackson,21,Central (Cape Girardeau),31
2014-09-26,Ste. Genevieve,6,Central (Park Hills),32
2014-09-26,Logan-Rogersville,14,Central (Springfield),8
2014-09-26,Liberty,39,Central (St. Joseph),42
2014-09-26,East Prairie,44,Chaffee,6
2014-09-26,Highland,15,Clark County,45
2014-09-26,Wellington-Napoleon,61,Concordia,45
2014-09-26,St. Paul Lutheran (Concordia),35,Crest Ridge,20
2014-09-26,Christian Brothers College,60,De Smet Jesuit,0
2014-09-26,Fredericktown,30,DeSoto with Kingston,31
2014-09-26,Sarcoxie,20,Diamond,21
2014-09-26,Rich Hill with Hume,31,Drexel with Miami (Amoret),22
2014-09-26,St. Francis Borgia,45,Duchesne,7
2014-09-26,Versailles,7,Eldon,50
2014-09-26,Odessa,21,Excelsior Springs,20
2014-09-26,Strafford,62,Fair Grove,0
2014-09-26,North County,21,Festus,57
2014-09-26,Mehlville,7,Fox,28
2014-09-26,Timberland,14,Francis Howell,49
2014-09-26,Troy Buchanan,0,Francis Howell North,28
2014-09-26,Hannibal,42,Fulton,7
2014-09-26,King City with Pattonsburg,14,Gallatin,71
2014-09-26,Raytown South,64,Grandview,27
2014-09-26,Warsaw,0,Hallsville,61
2014-09-26,Grain Valley,9,Harrisonville,23
2014-09-26,Malden,68,Hayti,6
2014-09-26,Sullivan,12,Hermann,24
2014-09-26,Battle,14,Hickman,7
2014-09-26,Lafayette County,28,Holden,14
2014-09-26,Valle Catholic,64,Jefferson (Festus),6
2014-09-26,Rock Bridge,36,Jefferson City,31
2014-09-26,Hillcrest,43,Kickapoo,49
2014-09-26,Boonville,27,Kirksville,25
2014-09-26,Rockwood Summit,28,Kirkwood,52
2014-09-26,Lexington,40,Knob Noster,0
2014-09-26,Putnam County,16,Knox County,38
2014-09-26,Chillicothe,13,Lafayette (St. Joseph),37
2014-09-26,Oakville,13,Lafayette (Wildwood),42
2014-09-26,East Buchanan,40,Lawson,0
2014-09-26,West Plains,35,Lebanon,28
2014-09-26,Lee's Summit West,38,Lee's Summit,44
2014-09-26,Mountain Grove,6,Liberty (Mountain View),21
2014-09-26,Cuba,74,Liberty (Wentzville),7
2014-09-26,Oak Park,6,Liberty North,42
2014-09-26,Lutheran North,28,Lutheran South,15
2014-09-26,Veritas Christian Academy,39,Lutheran St. Charles,27
2014-09-26,Westran,34,Marceline,33
2014-09-26,Wright City,18,Mark Twain,32
2014-09-26,Lindbergh,16,Marquette,22
2014-09-26,Hollister,8,Marshfield,40
2014-09-26,Benton,28,Maryville,62
2014-09-26,El Dorado Springs,42,McAuley Catholic,6
2014-09-26,Lamar,71,McDonald County,0
2014-09-26,Centralia,7,Mexico,52
2014-09-26,Plattsburg,49,Mid-Buchanan,20
2014-09-26,Liberal with Bronaugh,0,Miller,66
2014-09-26,Carnahan,12,Miller Career Academy,56
2014-09-26,Marshall,20,Moberly,55
2014-09-26,Aurora,3,Monett,34
2014-09-26,Clopton with Elsberry,16,Montgomery County,34
2014-09-26,East Newton,20,Mt. Vernon,44
2014-09-26,Seneca,23,Nevada,40
2014-09-26,Neosho,7,Nixa,39
2014-09-26,Lathrop,48,North Platte,13
2014-09-26,Lincoln College Prep,28,Northeast (Kansas City),14
2014-09-26,Pleasant Hill,10,Oak Grove,48
2014-09-26,Smith-Cotton,34,O'Hara,42
2014-09-26,Lone Jack,60,Orrick,32
2014-09-26,Branson,14,Ozark,34
2014-09-26,Owensville,34,Pacific,40
2014-09-26,Louisiana,6,Palmyra,22
2014-09-26,Fayette,14,Paris,39
2014-09-26,Truman,20,Park Hill South,21
2014-09-26,University City,14,Parkway Central,31
2014-09-26,Pattonville,22,Parkway North,7
2014-09-26,Warrenton,7,Parkway West,20
2014-09-26,Hogan Prep Academy Charter,52,Pembroke Hill,7
2014-09-26,West Platte,32,Penney,28
2014-09-26,Lockwood with Golden City,42,Pierce City,6
2014-09-26,Marionville,42,Pleasant Hope,8
2014-09-26,Maysville,40,Polo,30
2014-09-26,Scott City,14,Portageville,40
2014-09-26,Perryville,14,Potosi,34
2014-09-26,Lee's Summit North,6,Raymore-Peculiar,29
2014-09-26,Blue Springs South,30,Raytown,7
2014-09-26,Carrollton,8,Richmond,35
2014-09-26,Webster Groves,37,Ritenour,21
2014-09-26,McCluer,36,Riverview Gardens,0
2014-09-26,Blue Springs,13,Rockhurst,14
2014-09-26,Camdenton,58,Rolla,28
2014-09-26,Park Hill,52,Ruskin,14
2014-09-26,University Academy Charter,13,Sacred Heart,6
2014-09-26,Sweet Springs with Malta Bend,26,Santa Fe,35
2014-09-26,Cameron,0,Savannah,56
2014-09-26,North Shelby,12,Schuyler County,48
2014-09-26,Milan,26,Scotland County,12
2014-09-26,Northwest (Cedar Hill),7,Seckman,21
2014-09-26,Poplar Bluff,14,Sikeston,13
2014-09-26,Ash Grove,12,Skyline,40
2014-09-26,Salisbury,68,Slater,20
2014-09-26,Bishop LeBlond,14,Smithville,47
2014-09-26,North Callaway,6,South Callaway,66
2014-09-26,Macon,28,South Shelby,21
2014-09-26,California,48,Southern Boone,7
2014-09-26,Reeds Spring,41,Springfield Catholic,24
2014-09-26,Winfield,12,St. Charles,50
2014-09-26,Orchard Farm,13,St. Charles West,45
2014-09-26,St. Clair,57,St. James,55
2014-09-26,Bishop DuBourg,28,St. Mary's South Side,55
2014-09-26,Father Tolton with Calvary Lutheran,31,St. Pius X (Festus),8
2014-09-26,Warrensburg,14,St. Pius X (Kansas City),21
2014-09-26,Crystal City,14,St. Vincent,34
2014-09-26,North Kansas City,18,Staley,55
2014-09-26,Jasper,21,Stockton,12
2014-09-26,Cabool,16,Thayer,14
2014-09-26,Lincoln,12,Tipton,26
2014-09-26,Princeton with Mercer,12,Trenton,61
2014-09-26,John F. Kennedy,30,Trinity Catholic,46
2014-09-26,Washington,14,Union,54
2014-09-26,Chaminade College Preparatory,21,Vianney,38
2014-09-26,Joplin,49,Waynesville,48
2014-09-26,Webb City,46,Willard,15
2014-09-26,Fort Osage,49,William Chrisman,14
2014-09-26,Salem,14,Willow Springs,21
2014-09-26,Cole Camp,30,Windsor,16
2014-09-26,Hillsboro,50,Windsor (Imperial),3
2014-09-26,Kearney,14,Winnetonka,17
2014-09-27,Confluence Prep Academy Charter,41,Barat Academy,0
2014-09-27,Kelly,36,Charleston,6
2014-09-27,Ladue Horton Watkins,42,Clayton,14
2014-09-27,Transportation and Law with Beaumont,20,Cleveland NJROTC,30
2014-09-27,Holt,12,Ft. Zumwalt East,42
2014-09-27,Ft. Zumwalt South,21,Ft. Zumwalt North,42
2014-09-27,Francis Howell Central,0,Ft. Zumwalt West,56
2014-09-27,Herculaneum,33,Grandview (Hillsboro),0
2014-09-27,Hazelwood East,52,Hazelwood West,13
2014-09-27,Maplewood-Richmond Hts.,6,Jennings,68
2014-09-27,Riverview Gardens,0,McCluer,36
2014-09-27,Hazelwood Central,30,McCluer North,8
2014-09-27,Affton,48,McCluer South-Berkeley,18
2014-09-27,John Burroughs,42,MICDS,6
2014-09-27,Harrisburg,10,Missouri Military Academy,48
2014-09-27,Vashon,14,Soldan International Studies,18
2014-09-27,Van Horn,52,Summit Christian Academy,13
2014-09-27,Gateway,14,Sumner,6
2014-09-27,Priory,14,Westminster Christian Academy,31
2014-10-02,Lutheran North,37,MICDS,35
2014-10-02,St. Pius X (Kansas City),7,O'Hara,34
2014-10-02,Ladue Horton Watkins,39,Parkway West,3
2014-10-02,University Academy Charter,26,Pembroke Hill,6
2014-10-03,Normandy Collaborative,0,Affton,47
2014-10-03,Archie,14,Appleton City with Montrose,20
2014-10-03,Nevada,13,Aurora,33
2014-10-03,Lee's Summit North,7,Battle,37
2014-10-03,Trinity Catholic,14,Bishop DuBourg,49
2014-10-03,Benton,21,Bishop LeBlond,14
2014-10-03,Raymore-Peculiar,31,Blue Springs,13
2014-10-03,Fulton,20,Boonville,6
2014-10-03,Mark Twain,6,Bowling Green,41
2014-10-03,Carthage,40,Branson,7
2014-10-03,Lift for Life Academy Charter,22,Brentwood,62
2014-10-03,Springfield Catholic,23,Buffalo,19
2014-10-03,Stockton,27,Butler,7
2014-10-03,Blair Oaks,10,California,21
2014-10-03,Waynesville,20,Camdenton,21
2014-10-03,Lafayette (St. Joseph),42,Cameron,12
2014-10-03,Duchesne,16,Cardinal Ritter,30
2014-10-03,Monett,21,Carl Junction,35
2014-10-03,Lexington,14,Carrollton,8
2014-10-03,Mt. Vernon,20,Cassville,35
2014-10-03,Dexter,28,Central (New Madrid County),19
2014-10-03,Marshfield,8,Central (Springfield),30
2014-10-03,Palmyra,32,Centralia,14
2014-10-03,Savannah,47,Chillicothe,7
2014-10-03,Louisiana,19,Clark County,42
2014-10-03,Smith-Cotton,28,Clinton,6
2014-10-03,Tipton,0,Cole Camp,28
2014-10-03,Vianney,28,De Smet Jesuit,14
2014-10-03,Hillsboro,50,DeSoto with Kingston,6
2014-10-03,Sherwood,34,Drexel with Miami (Amoret),0
2014-10-03,North Platte,7,East Buchanan,66
2014-10-03,Portageville,32,East Prairie,34
2014-10-03,Pierce City,16,El Dorado Springs,48
2014-10-03,Central (Cape Girardeau),55,Farmington,13
2014-10-03,Missouri Military Academy,6,Father Tolton with Calvary Lutheran,50
2014-10-03,Marceline,54,Fayette,12
2014-10-03,Oak Park,14,Fort Osage,51
2014-10-03,Francis Howell,49,Francis Howell Central,6
2014-10-03,Timberland,56,Francis Howell North,21
2014-10-03,Central (Park Hills),43,Fredericktown,8
2014-10-03,Vashon,14,Gateway,46
2014-10-03,Rolla,65,Glendale,72
2014-10-03,Excelsior Springs,7,Grain Valley,33
2014-10-03,Winnetonka,38,Grandview,14
2014-10-03,Jefferson (Festus),34,Grandview (Hillsboro),7
2014-10-03,Moberly,12,Hannibal,46
2014-10-03,Knox County,40,Harrisburg,0
2014-10-03,Oak Grove,30,Harrisonville,34
2014-10-03,Crystal City,14,Herculaneum,34
2014-10-03,South Shelby,39,Highland,19
2014-10-03,Parkview,24,Hillcrest,14
2014-10-03,Ft. Zumwalt North,32,Holt,20
2014-10-03,Willow Springs,34,Houston,26
2014-10-03,McAuley Catholic,14,Jasper,33
2014-10-03,Confluence Prep Academy Charter,6,Jefferson City,48
2014-10-03,Westminster Christian Academy,7,John Burroughs,28
2014-10-03,Lebanon,17,Joplin,45
2014-10-03,Platte County,6,Kearney,52
2014-10-03,Caruthersville,60,Kelly,18
2014-10-03,Princeton with Mercer,14,King City with Pattonsburg,50
2014-10-03,Ritenour,18,Kirkwood,45
2014-10-03,Knob Noster,0,Lafayette County,43
2014-10-03,East Newton,0,Lamar,70
2014-10-03,Blue Springs South,13,Lee's Summit West,23
2014-10-03,Park Hill South,21,Liberty,24
2014-10-03,Cabool,7,Liberty (Mountain View),68
2014-10-03,Barat Academy,0,Liberty (Wentzville),19
2014-10-03,Cuba,46,Lincoln,38
2014-10-03,Fox,0,Lindbergh,14
2014-10-03,Bolivar,33,Logan-Rogersville,7
2014-10-03,Concordia,58,Lone Jack,50
2014-10-03,Brookfield,54,Macon,13
2014-10-03,Chaffee,8,Malden,68
2014-10-03,Fair Grove,13,Marionville,54
2014-10-03,Truman,37,Marshall,22
2014-10-03,Smithville,14,Maryville,34
2014-10-03,Gallatin,14,Maysville,22
2014-10-03,Hazelwood West,10,McCluer,14
2014-10-03,Northwest (Cedar Hill),26,Mehlville,32
2014-10-03,Kirksville,13,Mexico,47
2014-10-03,West Platte,47,Mid-Buchanan,20
2014-10-03,Schuyler County,14,Milan,58
2014-10-03,Diamond,7,Miller,21
2014-10-03,Salem,0,Mountain Grove,43
2014-10-03,Clopton with Elsberry,8,North Callaway,36
2014-10-03,Windsor (Imperial),28,North County,27
2014-10-03,Raytown,7,North Kansas City,14
2014-10-03,Central (Kansas City),26,Northeast (Kansas City),13
2014-10-03,Seckman,14,Oakville,55
2014-10-03,St. Charles,0,Orchard Farm,27
2014-10-03,Santa Fe,47,Orrick,8
2014-10-03,Eldon,16,Osage,21
2014-10-03,Adrian,14,Osceola,26
2014-10-03,Union,56,Owensville,16
2014-10-03,Nixa,38,Ozark,0
2014-10-03,Festus,39,Pacific,14
2014-10-03,Slater,0,Paris,57
2014-10-03,Lee's Summit,33,Park Hill,44
2014-10-03,Lafayette (Wildwood),42,Parkway South,13
2014-10-03,Lawson,26,Penney,29
2014-10-03,Ste. Genevieve,34,Perryville,20
2014-10-03,Lathrop,14,Plattsburg,20
2014-10-03,Odessa,19,Pleasant Hill,21
2014-10-03,Ash Grove,31,Pleasant Hope,13
2014-10-03,Braymer,20,Polo,60
2014-10-03,Maplewood-Richmond Hts.,20,Poplar Bluff,48
2014-10-03,Valle Catholic,41,Potosi,0
2014-10-03,North Shelby,8,Putnam County,46
2014-10-03,Belton,21,Raytown South,40
2014-10-03,Hollister,0,Reeds Spring,45
2014-10-03,Willard,42,Republic,10
2014-10-03,Midway,49,Rich Hill with Hume,20
2014-10-03,Holden,12,Richmond,26
2014-10-03,Helias Catholic,36,Rock Bridge,14
2014-10-03,Hickman,6,Rockhurst,42
2014-10-03,Pattonville,11,Rockwood Summit,13
2014-10-03,Central (St. Joseph),30,Ruskin,24
2014-10-03,Westran,39,Salisbury,0
2014-10-03,Lockwood with Golden City,41,Sarcoxie,0
2014-10-03,Monroe City,42,Scotland County,6
2014-10-03,Hayti,28,Scott City,14
2014-10-03,McDonald County,14,Seneca,20
2014-10-03,Jackson,42,Sikeston,0
2014-10-03,Montgomery County,0,South Callaway,62
2014-10-03,Trenton,14,South Harrison,36
2014-10-03,Hermann,38,St. Clair,0
2014-10-03,Lutheran St. Charles,14,St. Dominic,35
2014-10-03,St. Mary's South Side,11,St. Francis Borgia,49
2014-10-03,Sullivan,40,St. James,10
2014-10-03,St. Vincent,28,St. Pius X (Festus),33
2014-10-03,Skyline,7,Strafford,63
2014-10-03,Carnahan,13,Sumner,0
2014-10-03,Crest Ridge,38,Sweet Springs with Malta Bend,16
2014-10-03,Ava,25,Thayer,14
2014-10-03,Ft. Zumwalt West,45,Troy Buchanan,7
2014-10-03,Hogan Prep Academy Charter,55,Van Horn,21
2014-10-03,Wright City,18,Van-Far with Community,24
2014-10-03,John F. Kennedy,0,Veritas Christian Academy,41
2014-10-03,Hallsville,49,Versailles,6
2014-10-03,Center,21,Warrensburg,14
2014-10-03,Southern Boone,24,Warsaw,10
2014-10-03,Ft. Zumwalt East,62,Washington,35
2014-10-03,Neosho,0,Webb City,48
2014-10-03,St. Paul Lutheran (Concordia),49,Wellington-Napoleon,30
2014-10-03,Kickapoo,32,West Plains,36
2014-10-03,Warrenton,47,Winfield,6
2014-10-04,St. Charles West,35,Ft. Zumwalt South,14
2014-10-04,Hazelwood Central,35,Hazelwood East,14
2014-10-04,McCluer,14,Hazelwood West,10
2014-10-04,Eureka,31,Marquette,7
2014-10-04,Jennings,48,McCluer South-Berkeley,22
2014-10-04,Lutheran South,7,Priory,42
2014-10-04,McCluer North,60,Riverview Gardens,0
2014-10-04,Miller Career Academy,28,Roosevelt,14
2014-10-04,Cleveland NJROTC,0,Soldan International Studies,38
2014-10-04,Sacred Heart,0,Summit Christian Academy,39
2014-10-04,Chaminade College Preparatory,55,University City,12
2014-10-04,Liberty North,42,William Chrisman,7
2014-10-06,Liberal with Bronaugh,18,Archie,38
2014-10-09,Reeds Spring,13,Central (Springfield),6
2014-10-09,Rockhurst,40,Helias Catholic,10
2014-10-09,Lebanon,14,Kickapoo,45
2014-10-09,De Smet Jesuit,27,Vashon,24
2014-10-10,Sherwood,0,Adrian,33
2014-10-10,Maplewood-Richmond Hts.,12,Affton,48
2014-10-10,Rich Hill with Hume,42,Archie,0
2014-10-10,Fair Grove,7,Ash Grove,6
2014-10-10,Jefferson City,38,Battle,20
2014-10-10,Kearney,24,Belton,0
2014-10-10,Cameron,27,Benton,49
2014-10-10,Lafayette (St. Joseph),37,Bishop LeBlond,0
2014-10-10,Warsaw,12,Blair Oaks,52
2014-10-10,Lee's Summit North,7,Blue Springs South,13
2014-10-10,Springfield Catholic,6,Bolivar,54
2014-10-10,Palmyra,6,Brookfield,34
2014-10-10,Ava,26,Cabool,6
2014-10-10,Osage,29,California,43
2014-10-10,Joplin,42,Camdenton,44
2014-10-10,Roosevelt,28,Carnahan,18
2014-10-10,O'Hara,9,Center,21
2014-10-10,Park Hill,41,Central (St. Joseph),7
2014-10-10,Central (Cape Girardeau),0,Chaminade College Preparatory,40
2014-10-10,East Prairie,70,Charleston,6
2014-10-10,Smithville,39,Chillicothe,14
2014-10-10,Monett,41,Clinton,0
2014-10-10,Van-Far with Community,12,Clopton with Elsberry,14
2014-10-10,Concordia,19,Crest Ridge,40
2014-10-10,St. Pius X (Festus),54,Crystal City,0
2014-10-10,Father Tolton with Calvary Lutheran,35,Cuba,0
2014-10-10,Central (Park Hills),46,Dexter,21
2014-10-10,Liberal with Bronaugh,8,Diamond,35
2014-10-10,Jennings,36,Duchesne,6
2014-10-10,Northeast (Kansas City),20,East (Kansas City),6
2014-10-10,Cassville,47,East Newton,0
2014-10-10,Strafford,21,El Dorado Springs,8
2014-10-10,Hallsville,38,Eldon,15
2014-10-10,Lindbergh,0,Eureka,40
2014-10-10,Pleasant Hill,17,Excelsior Springs,7
2014-10-10,Vianney,45,Farmington,0
2014-10-10,Northwest (Cedar Hill),18,Fox,42
2014-10-10,Central (New Madrid County),6,Fredericktown,36
2014-10-10,Parkway Central,15,Ft. Zumwalt North,12
2014-10-10,Ft. Zumwalt East,35,Ft. Zumwalt South,20
2014-10-10,Francis Howell North,6,Ft. Zumwalt West,45
2014-10-10,Mexico,20,Fulton,13
2014-10-10,Summit Christian Academy,21,Gallatin,34
2014-10-10,Miller Career Academy,41,Gateway,6
2014-10-10,Oak Grove,54,Grain Valley,7
2014-10-10,Caruthersville,24,Hayti,20
2014-10-10,Pacific,24,Hermann,32
2014-10-10,Liberty,30,Hickman,34
2014-10-10,Milan,47,Highland,8
2014-10-10,Poplar Bluff,43,Hillsboro,53
2014-10-10,Carrollton,16,Holden,42
2014-10-10,Logan-Rogersville,26,Hollister,14
2014-10-10,Washington,14,Holt,21
2014-10-10,Seckman,0,Jackson,55
2014-10-10,Chaffee,0,Jefferson (Festus),19
2014-10-10,Winfield,20,John F. Kennedy,40
2014-10-10,Malden,57,Kennett,19
2014-10-10,Polo,62,King City with Pattonsburg,28
2014-10-10,Richmond,47,Knob Noster,0
2014-10-10,Aurora,6,Lamar,56
2014-10-10,East Buchanan,52,Lathrop,14
2014-10-10,Mid-Buchanan,26,Lawson,52
2014-10-10,Raymore-Peculiar,41,Lee's Summit,14
2014-10-10,Blue Springs,38,Lee's Summit West,14
2014-10-10,Lafayette County,43,Lexington,0
2014-10-10,Brentwood,67,Liberty (Wentzville),0
2014-10-10,Fort Osage,17,Liberty North,10
2014-10-10,Harrisburg,8,Lincoln,60
2014-10-10,Miller,21,Lockwood with Golden City,27
2014-10-10,Sweet Springs with Malta Bend,18,Lone Jack,44
2014-10-10,Macon,44,Louisiana,20
2014-10-10,Lutheran South,35,Lutheran St. Charles,56
2014-10-10,Paris,0,Marceline,12
2014-10-10,Skyline,21,Marionville,48
2014-10-10,South Callaway,52,Mark Twain,0
2014-10-10,Hannibal,42,Marshall,13
2014-10-10,Buffalo,0,Marshfield,49
2014-10-10,South Harrison,36,Maysville,28
2014-10-10,Pierce City,30,McAuley Catholic,20
2014-10-10,McCluer,0,McCluer North,46
2014-10-10,Mt. Vernon,21,McDonald County,20
2014-10-10,Oakville,63,Mehlville,14
2014-10-10,Boonville,7,Moberly,6
2014-10-10,Centralia,21,Monroe City,42
2014-10-10,Bowling Green,66,Montgomery County,6
2014-10-10,Houston,14,Mountain Grove,30
2014-10-10,Republic,42,Neosho,34
2014-10-10,Warrensburg,36,Nevada,20
2014-10-10,Carthage,7,Nixa,31
2014-10-10,Potosi,15,North County,7
2014-10-10,Penney,59,North Platte,6
2014-10-10,Missouri Military Academy,48,North Shelby,12
2014-10-10,North Kansas City,40,Oak Park,57
2014-10-10,Harrisonville,13,Odessa,0
2014-10-10,Cole Camp,18,Osceola,35
2014-10-10,Ruskin,0,Park Hill South,49
2014-10-10,West Plains,33,Parkview,39
2014-10-10,Marquette,13,Parkway South,21
2014-10-10,Clayton,41,Parkway West,21
2014-10-10,Kirkwood,41,Pattonville,19
2014-10-10,Lincoln College Prep,34,Pembroke Hill,7
2014-10-10,Grandview,0,Platte County,36
2014-10-10,Kelly,7,Portageville,48
2014-10-10,Braymer,30,Princeton with Mercer,50
2014-10-10,Scotland County,7,Putnam County,34
2014-10-10,Staley,35,Raytown,0
2014-10-10,Hillcrest,41,Rolla,49
2014-10-10,Liberty (Mountain View),41,Salem,6
2014-10-10,Fayette,0,Salisbury,61
2014-10-10,Butler,12,Sarcoxie,7
2014-10-10,Maryville,55,Savannah,14
2014-10-10,Knox County,34,Schuyler County,0
2014-10-10,Carl Junction,56,Seneca,7
2014-10-10,Soldan International Studies,14,Sikeston,30
2014-10-10,Westran,73,Slater,0
2014-10-10,Clark County,6,South Shelby,43
2014-10-10,Festus,31,St. Charles West,49
2014-10-10,St. Francis Borgia,42,St. Clair,7
2014-10-10,Santa Fe,18,St. Paul Lutheran (Concordia),49
2014-10-10,Smith-Cotton,21,St. Pius X (Kansas City),10
2014-10-10,Grandview (Hillsboro),7,St. Vincent,28
2014-10-10,DeSoto with Kingston,7,Ste. Genevieve,43
2014-10-10,Pleasant Hope,7,Stockton,41
2014-10-10,Owensville,12,Sullivan,38
2014-10-10,Francis Howell Central,0,Timberland,6
2014-10-10,Sacred Heart,6,Tipton,32
2014-10-10,Kirksville,31,Trenton,24
2014-10-10,Francis Howell,65,Troy Buchanan,6
2014-10-10,William Chrisman,0,Truman,34
2014-10-10,St. James,20,Union,68
2014-10-10,Herculaneum,0,Valle Catholic,37
2014-10-10,Southern Boone,48,Versailles,3
2014-10-10,Orchard Farm,28,Warrenton,3
2014-10-10,Glendale,16,Waynesville,49
2014-10-10,Ozark,7,Webb City,38
2014-10-10,Rockwood Summit,12,Webster Groves,34
2014-10-10,Orrick,18,Wellington-Napoleon,66
2014-10-10,Plattsburg,40,West Platte,26
2014-10-10,Branson,0,Willard,36
2014-10-10,Thayer,14,Willow Springs,7
2014-10-10,Appleton City with Montrose,8,Windsor,48
2014-10-10,Perryville,21,Windsor (Imperial),38
2014-10-10,Raytown South,37,Winnetonka,44
2014-10-10,North Callaway,18,Wright City,22
2014-10-11,St. Charles,13,Bishop DuBourg,7
2014-10-11,Hazelwood West,0,Hazelwood Central,14
2014-10-11,Riverview Gardens,0,Hazelwood East,41
2014-10-11,Lift for Life Academy Charter,0,John Burroughs,61
2014-10-11,University City,22,Ladue Horton Watkins,52
2014-10-11,Trinity Catholic,6,Lutheran North,47
2014-10-11,McCluer North,46,McCluer,0
2014-10-11,St. Dominic,30,MICDS,14
2014-10-11,McCluer South-Berkeley,46,Normandy Collaborative,6
2014-10-11,Cardinal Ritter,18,Priory,56
2014-10-11,Parkway North,14,Ritenour,6
2014-10-11,Hogan Prep Academy Charter,39,Southeast,0
2014-10-11,Confluence Prep Academy Charter,12,St. Mary's South Side,31
2014-10-11,Transportation and Law with Beaumont,0,Sumner,12
2014-10-11,Central (Kansas City),22,Van Horn,55
2014-10-11,Veritas Christian Academy,14,Westminster Christian Academy,56
2014-10-16,Cleveland NJROTC,20,Brentwood,62
2014-10-16,Ruskin,6,Liberty,28
2014-10-16,Central (Kansas City),12,Lincoln College Prep,44
2014-10-16,McCluer,14,Webster Groves,49
2014-10-17,Orrick,6,Appleton City with Montrose,64
2014-10-17,East Newton,14,Aurora,55
2014-10-17,Willow Springs,20,Ava,61
2014-10-17,Winnetonka,45,Belton,27
2014-10-17,Chillicothe,43,Benton,37
2014-10-17,Liberty (Wentzville),13,Bishop DuBourg,48
2014-10-17,Versailles,14,Blair Oaks,63
2014-10-17,Lee's Summit,14,Blue Springs South,34
2014-10-17,Marshall,56,Boonville,28
2014-10-17,South Callaway,55,Bowling Green,7
2014-10-17,Webb City,42,Branson,5
2014-10-17,Gallatin,47,Braymer,0
2014-10-17,Logan-Rogersville,40,Buffalo,0
2014-10-17,Summit Christian Academy,34,Butler,6
2014-10-17,Sikeston,20,Cardinal Ritter,0
2014-10-17,Lamar,28,Carl Junction,29
2014-10-17,Transportation and Law with Beaumont,8,Carnahan,40
2014-10-17,Lafayette County,47,Carrollton,12
2014-10-17,Willard,44,Carthage,28
2014-10-17,Ste. Genevieve,21,Caruthersville,17
2014-10-17,Seneca,8,Cassville,41
2014-10-17,Riverview Gardens,8,Central (Cape Girardeau),48
2014-10-17,Farmington,3,Central (Park Hills),39
2014-10-17,Park Hill South,48,Central (St. Joseph),51
2014-10-17,Kelly,48,Chaffee,18
2014-10-17,Brookfield,41,Clark County,0
2014-10-17,Nevada,13,Clinton,14
2014-10-17,Wright City,0,Clopton with Elsberry,20
2014-10-17,Lincoln,20,Cole Camp,52
2014-10-17,Trenton,41,Concordia,26
2014-10-17,Ft. Zumwalt West,50,De Smet Jesuit,14
2014-10-17,MICDS,30,Duchesne,0
2014-10-17,Southeast,14,East (Kansas City),28
2014-10-17,Penney,31,East Buchanan,38
2014-10-17,Kennett,56,East Prairie,20
2014-10-17,Adrian,39,El Dorado Springs,36
2014-10-17,Hazelwood East,0,Eureka,38
2014-10-17,Sacred Heart,0,Father Tolton with Calvary Lutheran,31
2014-10-17,Clayton,21,Festus,24
2014-10-17,Raytown,7,Fort Osage,48
2014-10-17,North County,14,Fredericktown,20
2014-10-17,Warrenton,0,Ft. Zumwalt East,42
2014-10-17,Camdenton,57,Glendale,30
2014-10-17,Crystal City,20,Grandview (Hillsboro),30
2014-10-17,Osage,38,Hallsville,20
2014-10-17,Battle,28,Hannibal,14
2014-10-17,South Shelby,60,Harrisburg,8
2014-10-17,Sullivan,3,Helias Catholic,56
2014-10-17,Charleston,6,Herculaneum,41
2014-10-17,Union,35,Hermann,32
2014-10-17,Joplin,42,Hillcrest,21
2014-10-17,University City,18,Hillsboro,42
2014-10-17,Fair Grove,35,Hollister,12
2014-10-17,Liberty (Mountain View),55,Houston,6
2014-10-17,Miller Career Academy,14,Jackson,28
2014-10-17,St. Vincent,27,Jefferson (Festus),14
2014-10-17,Principia,0,John F. Kennedy,35
2014-10-17,Grandview,12,Kearney,49
2014-10-17,Waynesville,28,Kickapoo,21
2014-10-17,Fulton,41,Kirksville,20
2014-10-17,Holden,41,Knob Noster,0
2014-10-17,North Shelby,0,Knox County,54
2014-10-17,Maryville,55,Lafayette (St. Joseph),28
2014-10-17,McCluer North,26,Lafayette (Wildwood),23
2014-10-17,Mid-Buchanan,34,Lathrop,76
2014-10-17,Parkview,45,Lebanon,28
2014-10-17,Blue Springs,31,Lee's Summit North,13
2014-10-17,Richmond,34,Lexington,13
2014-10-17,Rich Hill with Hume,41,Liberal with Bronaugh,0
2014-10-17,Jasper,36,Lockwood with Golden City,16
2014-10-17,Archie,20,Lone Jack,42
2014-10-17,Highland,29,Louisiana,14
2014-10-17,Lift for Life Academy Charter,6,Lutheran South,41
2014-10-17,Centralia,35,Macon,42
2014-10-17,Dexter,8,Malden,76
2014-10-17,Montgomery County,19,Mark Twain,40
2014-10-17,Francis Howell Central,28,Marquette,49
2014-10-17,Miller,61,McAuley Catholic,16
2014-10-17,Moberly,16,Mexico,33
2014-10-17,Putnam County,22,Milan,55
2014-10-17,McDonald County,2,Monett,67
2014-10-17,Central (Springfield),48,Mt. Vernon,51
2014-10-17,Van-Far with Community,30,North Callaway,40
2014-10-17,Liberty North,42,North Kansas City,12
2014-10-17,Parkway West,42,Northwest (Cedar Hill),13
2014-10-17,Excelsior Springs,0,Oak Grove,45
2014-10-17,Lindbergh,40,Oakville,14
2014-10-17,Grain Valley,16,Odessa,21
2014-10-17,Lutheran St. Charles,28,Orchard Farm,49
2014-10-17,Neosho,27,Ozark,29
2014-10-17,St. James,22,Pacific,34
2014-10-17,Monroe City,32,Palmyra,0
2014-10-17,Salisbury,16,Paris,0
2014-10-17,Truman,7,Park Hill,42
2014-10-17,Parkway South,0,Parkway Central,27
2014-10-17,Fox,7,Parkway North,16
2014-10-17,Mehlville,7,Pattonville,47
2014-10-17,Sarcoxie,16,Pierce City,38
2014-10-17,North Platte,6,Plattsburg,42
2014-10-17,Harrisonville,35,Pleasant Hill,10
2014-10-17,Osceola,42,Pleasant Hope,14
2014-10-17,University Academy Charter,26,Polo,38
2014-10-17,Normandy Collaborative,12,Poplar Bluff,43
2014-10-17,Central (New Madrid County),48,Portageville,20
2014-10-17,DeSoto with Kingston,21,Potosi,35
2014-10-17,Maysville,42,Princeton with Mercer,12
2014-10-17,Lee's Summit West,14,Raymore-Peculiar,27
2014-10-17,Platte County,35,Raytown South,34
2014-10-17,Bolivar,33,Reeds Spring,28
2014-10-17,Nixa,23,Republic,7
2014-10-17,Chaminade College Preparatory,37,Ritenour,15
2014-10-17,Christian Brothers College,40,Rock Bridge,26
2014-10-17,Jefferson City,17,Rockhurst,34
2014-10-17,Gateway,26,Rockwood Summit,47
2014-10-17,Cabool,14,Salem,32
2014-10-17,Bishop LeBlond,31,Savannah,47
2014-10-17,Schuyler County,14,Scotland County,21
2014-10-17,Hazelwood West,9,Seckman,13
2014-10-17,Midway,34,Sherwood,0
2014-10-17,Tipton,20,Skyline,36
2014-10-17,Marceline,53,Slater,0
2014-10-17,Center,7,Smith-Cotton,12
2014-10-17,Cameron,14,Smithville,58
2014-10-17,King City with Pattonsburg,12,South Harrison,42
2014-10-17,Eldon,14,Southern Boone,19
2014-10-17,Marshfield,49,Springfield Catholic,14
2014-10-17,Affton,36,St. Charles,21
2014-10-17,Ladue Horton Watkins,24,St. Charles West,33
2014-10-17,Owensville,12,St. Clair,26
2014-10-17,Priory,44,St. Dominic,26
2014-10-17,Westminster Christian Academy,35,St. Francis Borgia,14
2014-10-17,Missouri Military Academy,14,St. Paul Lutheran (Concordia),56
2014-10-17,Valle Catholic,47,St. Pius X (Festus),9
2014-10-17,Pembroke Hill,0,St. Pius X (Kansas City),20
2014-10-17,Oak Park,6,Staley,42
2014-10-17,Marionville,28,Stockton,12
2014-10-17,Ash Grove,0,Strafford,50
2014-10-17,Wellington-Napoleon,48,Sweet Springs with Malta Bend,14
2014-10-17,Mountain Grove,46,Thayer,0
2014-10-17,Ft. Zumwalt North,38,Timberland,14
2014-10-17,Holt,42,Troy Buchanan,6
2014-10-17,Ft. Zumwalt South,54,Vianney,51
2014-10-17,O'Hara,53,Warrensburg,22
2014-10-17,California,56,Warsaw,20
2014-10-17,Francis Howell North,24,Washington,20
2014-10-17,Rolla,21,West Plains,42
2014-10-17,Lawson,24,West Platte,6
2014-10-17,Fayette,12,Westran,52
2014-10-17,Van Horn,34,William Chrisman,20
2014-10-17,Crest Ridge,14,Windsor,0
2014-10-17,Windsor (Imperial),63,Winfield,36
2014-10-18,Maplewood-Richmond Hts.,59,Barat Academy,14
2014-10-18,Hickman,0,Hazelwood Central,31
2014-10-18,Cuba,6,Hogan Prep Academy Charter,49
2014-10-18,Trinity Catholic,0,Jennings,40
2014-10-18,Veritas Christian Academy,6,John Burroughs,55
2014-10-18,St. Mary's South Side,6,Lutheran North,35
2014-10-18,Webster Groves,49,McCluer,14
2014-10-18,Confluence Prep Academy Charter,6,McCluer South-Berkeley,44
2014-10-18,Scott City,28,Perryville,13
2014-10-18,Soldan International Studies,22,Roosevelt,30
2014-10-18,Sumner,8,Vashon,14
2014-10-23,Vashon,6,Miller Career Academy,24
2014-10-24,Chaffee,0,Valle Catholic,55
2014-10-24,Barat Academy,8,St. Vincent,35
2014-10-24,Louisiana,0,Monroe City,46
2014-10-24,Crystal City,6,Mark Twain,66
2014-10-24,Thayer,14,Cabool,19
2014-10-24,Sarcoxie,14,Miller,56
2014-10-24,Pierce City,14,Marionville,54
2014-10-24,Liberal with Bronaugh,6,Midway,46
2014-10-24,Drexel with Miami (Amoret),18,Adrian,26
2014-10-24,Archie,0,Jasper,55
2014-10-24,McAuley Catholic,0,Rich Hill with Hume,42
2014-10-24,Appleton City with Montrose,12,Osceola,42
2014-10-24,Lincoln,8,Tipton,30
2014-10-24,Sacred Heart,8,Skyline,70
2014-10-24,Windsor,20,Crest Ridge,26
2014-10-24,North Shelby,0,South Shelby,53
2014-10-24,Paris,57,Putnam County,8
2014-10-24,Schuyler County,0,Milan,44
2014-10-24,Scotland County,8,Knox County,52
2014-10-24,Slater,6,Westran,61
2014-10-24,Fayette,44,Santa Fe,6
2014-10-24,Harrisburg,0,Marceline,55
2014-10-24,Sweet Springs with Malta Bend,6,Salisbury,53
2014-10-24,Orrick,20,Plattsburg,64
2014-10-24,Lone Jack,36,Concordia,21
2014-10-24,Mid-Buchanan,24,West Platte,62
2014-10-24,North Platte,20,Wellington-Napoleon,43
2014-10-24,Braymer,6,Polo,52
2014-10-24,South Harrison,18,Gallatin,50
2014-10-24,Princeton with Mercer,16,Penney,68
2014-10-24,King City with Pattonsburg,14,Maysville,63
2014-10-24,Charleston,8,Malden,73
2014-10-24,Hayti,38,Portageville,0
2014-10-24,Kelly,14,Caruthersville,63
2014-10-24,Scott City,22,East Prairie,51
2014-10-24,Grandview (Hillsboro),0,Cardinal Ritter,62
2014-10-24,Jefferson (Festus),0,Cuba,30
2014-10-24,Pleasant Hope,7,Strafford,62
2014-10-24,Diamond,0,Willow Springs,27
2014-10-24,Houston,7,Liberty (Mountain View),61
2014-10-24,Ash Grove,20,Fair Grove,7
2014-10-24,Butler,0,Lamar,56
2014-10-24,Summit Christian Academy,26,El Dorado Springs,50
2014-10-24,Southeast,0,University Academy Charter,34
2014-10-24,Sherwood,0,Stockton,35
2014-10-24,Trinity Catholic,8,Maplewood-Richmond Hts.,0
2014-10-24,Transportation and Law with Beaumont,6,Hermann,36
2014-10-24,Lutheran St. Charles,33,Brentwood,49
2014-10-24,Highland,7,Bowling Green,72
2014-10-24,Van-Far with Community,26,Clopton with Elsberry,24
2014-10-24,Montgomery County,24,North Callaway,48
2014-10-24,Clark County,0,Palmyra,41
2014-10-24,Knob Noster,0,South Callaway,56
2014-10-24,Father Tolton with Calvary Lutheran,17,Hallsville,21
2014-10-24,Holden,14,Lafayette County,50
2014-10-24,Cole Camp,35,St. Paul Lutheran (Concordia),12
2014-10-24,Trenton,13,Brookfield,56
2014-10-24,Lexington,15,Lawson,34
2014-10-24,Carrollton,6,East Buchanan,56
2014-10-24,Lathrop,19,Bishop LeBlond,65
2014-10-24,Central (New Madrid County),14,Central (Park Hills),51
2014-10-24,Dexter,35,St. Pius X (Festus),44
2014-10-24,Fredericktown,26,Potosi,13
2014-10-24,Kennett,42,Ste. Genevieve,36
2014-10-24,Sumner,30,Bishop DuBourg,34
2014-10-24,Warsaw,0,Mountain Grove,38
2014-10-24,Salem,50,St. James,27
2014-10-24,Buffalo,0,Ava,53
2014-10-24,Springfield Catholic,14,Osage,55
2014-10-24,Hollister,8,Reeds Spring,57
2014-10-24,Seneca,6,Aurora,27
2014-10-24,East Newton,0,Monett,48
2014-10-24,Mt. Vernon,20,Cassville,54
2014-10-24,Winfield,18,Orchard Farm,63
2014-10-24,Duchesne,6,Centralia,35
2014-10-24,Missouri Military Academy,0,Macon,41
2014-10-24,Wright City,12,Veritas Christian Academy,50
2014-10-24,Versailles,7,California,56
2014-10-24,Southern Boone,40,Owensville,24
2014-10-24,Boonville,7,Blair Oaks,37
2014-10-24,Eldon,28,Fulton,65
2014-10-24,Clinton,0,O'Hara,42
2014-10-24,Pembroke Hill,7,Oak Grove,78
2014-10-24,East (Kansas City),22,Maryville,77
2014-10-24,Chillicothe,35,Richmond,27
2014-10-24,Cameron,13,St. Pius X (Kansas City),47
2014-10-24,Northeast (Kansas City),0,Lincoln College Prep,60
2014-10-24,DeSoto with Kingston,14,Central (Cape Girardeau),49
2014-10-24,Farmington,14,Sikeston,55
2014-10-24,North County,29,Festus,38
2014-10-24,Perryville,18,Hillsboro,66
2014-10-24,Gateway,25,St. Mary's South Side,14
2014-10-24,Windsor (Imperial),14,Affton,48
2014-10-24,Riverview Gardens,14,St. Charles West,39
2014-10-24,University City,18,St. Charles,27
2014-10-24,St. Dominic,14,Clayton,34
2014-10-24,Priory,49,Sullivan,17
2014-10-24,John F. Kennedy,6,St. Francis Borgia,42
2014-10-24,Pacific,7,Union,55
2014-10-24,McDonald County,0,Webb City,71
2014-10-24,Hillcrest,24,Bolivar,59
2014-10-24,Logan-Rogersville,0,West Plains,41
2014-10-24,Marshfield,8,Carl Junction,59
2014-10-24,Nevada,6,Harrisonville,28
2014-10-24,Warrensburg,6,Grain Valley,32
2014-10-24,Pleasant Hill,20,Center,21
2014-10-24,Grandview,14,Raytown South,34
2014-10-24,Moberly,42,Warrenton,0
2014-10-24,Kirksville,6,Hannibal,62
2014-10-24,Marshall,22,Mexico,42
2014-10-24,Excelsior Springs,6,Kearney,56
2014-10-24,Lafayette (St. Joseph),61,Van Horn,14
2014-10-24,Benton,13,Platte County,58
2014-10-24,Savannah,21,Smithville,49
2014-10-24,Oakville,31,Parkway South,19
2014-10-24,Fox,10,Vianney,48
2014-10-24,Poplar Bluff,14,Rockwood Summit,38
2014-10-24,McCluer North,47,Chaminade College Preparatory,28
2014-10-24,Hazelwood East,8,Pattonville,21
2014-10-24,Parkway North,48,Ft. Zumwalt South,27
2014-10-24,Holt,17,Ft. Zumwalt East,45
2014-10-24,Parkway West,14,Parkway Central,41
2014-10-24,Rolla,50,Lebanon,7
2014-10-24,Washington,8,Battle,56
2014-10-24,Central (Springfield),14,Ozark,50
2014-10-24,Branson,6,Parkview,35
2014-10-24,Glendale,30,Republic,62
2014-10-24,Belton,23,Neosho,6
2014-10-24,Ruskin,12,Smith-Cotton,19
2014-10-24,William Chrisman,8,Raytown,35
2014-10-24,North Kansas City,12,Truman,42
2014-10-24,Park Hill South,35,Liberty,42
2014-10-24,Oak Park,7,Staley,42
2014-10-24,Central (St. Joseph),13,Liberty North,56
2014-10-24,Northwest (Cedar Hill),3,Kirkwood,56
2014-10-24,Lindbergh,20,Marquette,17
2014-10-24,Seckman,7,Eureka,35
2014-10-24,Mehlville,12,Lafayette (Wildwood),38
2014-10-24,De Smet Jesuit,7,Christian Brothers College,52
2014-10-24,Francis Howell North,21,Ritenour,19
2014-10-24,Troy Buchanan,0,Francis Howell,62
2014-10-24,Blue Springs South,35,Timberland,14
2014-10-24,Hickman,0,Jefferson City,39
2014-10-24,Rock Bridge,41,Ft. Zumwalt West,62
2014-10-24,Lee's Summit North,14,Rockhurst,43
2014-10-24,Joplin,21,Kickapoo,35
2014-10-24,Lee's Summit West,17,Raymore-Peculiar,20
2014-10-24,Lee's Summit,23,Blue Springs,48
2014-10-25,Cleveland NJROTC,32,Carnahan,42
2014-10-25,Lift for Life Academy Charter,0,John Burroughs,44
2014-10-25,Confluence Prep Academy Charter,16,McCluer South-Berkeley,44
2014-10-25,Normandy Collaborative,7,Soldan International Studies,48
2014-10-25,Central (Kansas City),6,Hogan Prep Academy Charter,54
2014-10-25,Lutheran South,46,Roosevelt,29
2014-10-25,MICDS,8,Jennings,26
2014-10-25,St. Clair,6,Westminster Christian Academy,49
2014-10-25,Liberty (Wentzville),12,Helias Catholic,83
2014-10-25,McCluer,20,Ladue Horton Watkins,54
2014-10-25,Francis Howell Central,0,Hazelwood Central,65
2014-10-31,St. Vincent,7,Valle Catholic,69
2014-10-31,Mark Twain,18,Monroe City,56
2014-10-31,Cabool,42,Lockwood with Golden City,27
2014-10-31,Marionville,50,Miller,21
2014-10-31,Adrian,27,Midway,39
2014-10-31,Rich Hill with Hume,35,Jasper,41
2014-10-31,Tipton,12,Osceola,28
2014-10-31,Paris,18,South Shelby,56
2014-10-31,Knox County,14,Milan,42
2014-10-31,Fayette,0,Westran,57
2014-10-31,Salisbury,7,Marceline,48
2014-10-31,Lone Jack,6,Plattsburg,42
2014-10-31,Wellington-Napoleon,24,West Platte,67
2014-10-31,Gallatin,26,Polo,47
2014-10-31,Maysville,14,Penney,53
2014-10-31,Hayti,12,Malden,58
2014-10-31,East Prairie,26,Caruthersville,49
2014-10-31,Cuba,28,Cardinal Ritter,46
2014-10-31,Carnahan,18,Herculaneum,22
2014-10-31,Willow Springs,0,Strafford,62
2014-10-31,Ash Grove,6,Liberty (Mountain View),54
2014-10-31,El Dorado Springs,6,Lamar,58
2014-10-31,Brentwood,15,Hermann,34
2014-10-31,Van-Far with Community,20,Bowling Green,71
2014-10-31,Palmyra,36,North Callaway,0
2014-10-31,Hallsville,0,South Callaway,61
2014-10-31,Cole Camp,14,Lafayette County,53
2014-10-31,Lawson,14,Brookfield,44
2014-10-31,Bishop LeBlond,34,East Buchanan,58
2014-10-31,St. Pius X (Festus),17,Central (Park Hills),49
2014-10-31,Kennett,37,Fredericktown,6
2014-10-31,Salem,13,Mountain Grove,39
2014-10-31,Osage,41,Ava,30
2014-10-31,Aurora,0,Reeds Spring,14
2014-10-31,Cassville,20,Monett,47
2014-10-31,Centralia,13,Orchard Farm,35
2014-10-31,Veritas Christian Academy,19,Macon,20
2014-10-31,Southern Boone,6,California,63
2014-10-31,Fulton,14,Blair Oaks,52
2014-10-31,Odessa,7,O'Hara,38
2014-10-31,Hogan Prep Academy Charter,46,Oak Grove,47
2014-10-31,Chillicothe,28,Maryville,50
2014-10-31,Lincoln College Prep,13,St. Pius X (Kansas City),35
2014-10-31,Sikeston,7,Central (Cape Girardeau),56
2014-10-31,Hillsboro,21,Festus,10
2014-10-31,Gateway,7,Miller Career Academy,6
2014-10-31,Lutheran South,14,Affton,42
2014-10-31,St. Charles,14,St. Charles West,48
2014-10-31,Union,43,St. Francis Borgia,50
2014-10-31,Bolivar,7,Webb City,56
2014-10-31,Carl Junction,28,West Plains,21
2014-10-31,Grain Valley,0,Harrisonville,42
2014-10-31,Raytown South,42,Center,13
2014-10-31,Mexico,21,Hannibal,14
2014-10-31,Lafayette (St. Joseph),6,Kearney,17
2014-10-31,Smithville,44,Platte County,38
2014-10-31,Oakville,35,Jackson,41
2014-10-31,Rockwood Summit,14,Vianney,31
2014-10-31,McCluer North,35,Webster Groves,42
2014-10-31,Parkway North,0,Ft. Zumwalt North,29
2014-10-31,Parkway Central,30,Ft. Zumwalt East,31
2014-10-31,Rolla,17,Camdenton,34
2014-10-31,Battle,21,Waynesville,17
2014-10-31,Ozark,0,Nixa,41
2014-10-31,Republic,20,Parkview,27
2014-10-31,Belton,22,Willard,37
2014-10-31,Smith-Cotton,6,Carthage,28
2014-10-31,Raytown,12,Fort Osage,44
2014-10-31,Truman,25,Winnetonka,52
2014-10-31,Liberty,22,Park Hill,49
2014-10-31,Liberty North,13,Staley,0
2014-10-31,Lindbergh,7,Kirkwood,35
2014-10-31,Lafayette (Wildwood),40,Eureka,35
2014-10-31,Francis Howell North,0,Christian Brothers College,45
2014-10-31,Blue Springs South,7,Francis Howell,41
2014-10-31,Ft. Zumwalt West,28,Jefferson City,42
2014-10-31,Kickapoo,0,Rockhurst,41
2014-10-31,Blue Springs,42,Raymore-Peculiar,17
2014-11-01,Crest Ridge,7,Skyline,55
2014-11-01,Stockton,20,University Academy Charter,14
2014-11-01,Trinity Catholic,0,Lutheran North,35
2014-11-01,McCluer South-Berkeley,14,John Burroughs,52
2014-11-01,Bishop DuBourg,57,Soldan International Studies,50
2014-11-01,Clayton,7,Jennings,26
2014-11-01,Priory,35,Westminster Christian Academy,48
2014-11-01,Moberly,0,Helias Catholic,43
2014-11-01,Pattonville,14,Ladue Horton Watkins,21
2014-11-07,Monroe City,18,Valle Catholic,56
2014-11-07,Marionville,20,Cabool,16
2014-11-07,Jasper,13,Midway,35
2014-11-07,Skyline,35,Osceola,21
2014-11-07,Milan,8,South Shelby,48
2014-11-07,Marceline,27,Westran,43
2014-11-07,West Platte,7,Plattsburg,14
2014-11-07,Penney,68,Polo,47
2014-11-07,Caruthersville,16,Malden,61
2014-11-07,Herculaneum,22,Cardinal Ritter,44
2014-11-07,Liberty (Mountain View),14,Strafford,28
2014-11-07,Stockton,6,Lamar,56
2014-11-07,Palmyra,30,Bowling Green,6
2014-11-07,Lafayette County,6,South Callaway,41
2014-11-07,East Buchanan,50,Brookfield,34
2014-11-07,Kennett,14,Central (Park Hills),48
2014-11-07,Osage,43,Mountain Grove,36
2014-11-07,Monett,21,Reeds Spring,0
2014-11-07,Macon,14,Orchard Farm,21
2014-11-07,Blair Oaks,30,California,32
2014-11-07,Oak Grove,63,O'Hara,35
2014-11-07,St. Pius X (Kansas City),24,Maryville,61
2014-11-07,Hillsboro,35,Central (Cape Girardeau),42
2014-11-07,Affton,29,Gateway,6
2014-11-07,Jennings,14,St. Charles West,55
2014-11-07,Carl Junction,12,Webb City,42
2014-11-07,Raytown South,14,Harrisonville,42
2014-11-07,Mexico,0,Helias Catholic,47
2014-11-07,Smithville,3,Kearney,24
2014-11-07,Vianney,35,Jackson,39
2014-11-07,Ladue Horton Watkins,34,Webster Groves,28
2014-11-07,Ft. Zumwalt East,7,Ft. Zumwalt North,42
2014-11-07,Battle,22,Camdenton,14
2014-11-07,Parkview,14,Nixa,35
2014-11-07,Carthage,48,Willard,47
2014-11-07,Winnetonka,26,Fort Osage,36
2014-11-07,Liberty North,7,Park Hill,17
2014-11-07,Lafayette (Wildwood),9,Kirkwood,56
2014-11-07,Hazelwood Central,0,Christian Brothers College,45
2014-11-07,Jefferson City,10,Francis Howell,14
2014-11-07,Blue Springs,29,Rockhurst,34
2014-11-08,Hermann,12,Lutheran North,48
2014-11-08,Bishop DuBourg,0,John Burroughs,58
2014-11-08,St. Francis Borgia,7,Westminster Christian Academy,34
2014-11-14,Penney,46,Plattsburg,6
2014-11-14,Cardinal Ritter,6,Malden,47
2014-11-14,Lamar,48,Strafford,17
2014-11-14,East Buchanan,8,South Callaway,21
2014-11-14,Monett,42,Osage,21
2014-11-14,California,56,Orchard Farm,21
2014-11-14,Maryville,23,Oak Grove,69
2014-11-14,Affton,14,Central (Cape Girardeau),34
2014-11-14,Harrisonville,0,Webb City,35
2014-11-14,Kearney,23,Helias Catholic,20
2014-11-14,Battle,20,Ft. Zumwalt North,13
2014-11-14,Carthage,21,Nixa,24
2014-11-14,Park Hill,21,Fort Osage,20
2014-11-14,Christian Brothers College,55,Kirkwood,10
2014-11-14,Rockhurst,25,Francis Howell,20
2014-11-15,Marionville,20,Valle Catholic,48
2014-11-15,Skyline,48,Midway,46
2014-11-15,Westran,24,South Shelby,20
2014-11-15,Palmyra,14,Lutheran North,7
2014-11-15,John Burroughs,46,Central (Park Hills),0
2014-11-15,Westminster Christian Academy,28,St. Charles West,49
2014-11-15,Ladue Horton Watkins,31,Jackson,21
2014-11-21,Penney,39,Westran,48
2014-11-21,Oak Grove,49,California,14
2014-11-21,St. Charles West,21,Central (Cape Girardeau),42
2014-11-21,Battle,34,Ladue Horton Watkins,6
2014-11-21,Park Hill,10,Nixa,22
2014-11-22,Skyline,28,Valle Catholic,54
2014-11-22,Lamar,28,Malden,2
2014-11-22,South Callaway,27,Palmyra,2
2014-11-22,Monett,23,John Burroughs,24
2014-11-22,Kearney,7,Webb City,38
2014-11-27,Kirkwood,27,Webster Groves,6
2014-11-28,Westran,25,Valle Catholic,49
2014-11-28,Oak Grove,49,John Burroughs,27
2014-11-28,Nixa,22,Battle,25
2014-11-29,South Callaway,15,Lamar,30
2014-11-29,Webb City,48,Central (Cape Girardeau),21
2014-11-29,Rockhurst,24,Christian Brothers College,31
